<climb>
	<frame>
		<part>
			<location>body</location>
			<rotation>0</rotation>
			<frame>5</frame>
		</part>
		<part>
			<location>body.rightLeg</location>
			<rotation>5.49970116133835</rotation>
			<frame>20</frame>
		</part>
		<part>
			<location>body.leftLeg</location>
			<rotation>-8.8732842457337</rotation>
			<frame>2</frame>
		</part>
		<part>
			<location>body.rightLeg.foot</location>
			<rotation>0</rotation>
			<frame>8</frame>
		</part>
		<part>
			<location>body.leftLeg.foot</location>
			<rotation>18.5165966671454</rotation>
			<frame>14</frame>
		</part>
		<part>
			<location>body.rightArm</location>
			<rotation>-175.55090257205</rotation>
			<frame>6</frame>
		</part>
		<part>
			<location>body.leftArm</location>
			<rotation>6.43416120133281</rotation>
			<frame>6</frame>
		</part>
		<part>
			<location>body.leftArm.hand</location>
			<rotation>-4.68905873673606</rotation>
			<frame>8</frame>
		</part>
		<part>
			<location>body.rightArm.hand</location>
			<rotation>-4.37350935164886</rotation>
			<frame>8</frame>
		</part>
		<part>
			<location>body.head</location>
			<rotation>0.130812075224526</rotation>
			<frame>5</frame>
		</part>
	</frame>
	<frame>
		<part>
			<location>body.rightArm</location>
			<rotation>-175.297415873176</rotation>
			<frame>6</frame>
		</part>
		<part>
			<location>body.leftArm</location>
			<rotation>18.7105800383222</rotation>
			<frame>8</frame>
		</part>
		<part>
			<location>body.rightLeg</location>
			<rotation>1.83025739444264</rotation>
			<frame>20</frame>
		</part>
		<part>
			<location>body.rightLeg.foot</location>
			<rotation>0</rotation>
			<frame>8</frame>
		</part>
		<part>
			<location>body.leftLeg</location>
			<rotation>-15.7856200366769</rotation>
			<frame>2</frame>
		</part>
	</frame>
	<frame>
		<part>
			<location>body.rightArm</location>
			<rotation>-174.606289582667</rotation>
			<frame>14</frame>
		</part>
		<part>
			<location>body.rightArm.hand</location>
			<rotation>-6.34987945802487</rotation>
			<frame>8</frame>
		</part>
		<part>
			<location>body.leftArm</location>
			<rotation>36.3628685971762</rotation>
			<frame>8</frame>
		</part>
		<part>
			<location>body.rightLeg</location>
			<rotation>-0.349360199972693</rotation>
			<frame>20</frame>
		</part>
		<part>
			<location>body.leftLeg</location>
			<rotation>-17.2668025576988</rotation>
			<frame>2</frame>
		</part>
	</frame>
	<frame>
		<part>
			<location>body.rightArm</location>
			<rotation>-171.397690355853</rotation>
			<frame>14</frame>
		</part>
		<part>
			<location>body.rightArm.hand</location>
			<rotation>-8.08614539395029</rotation>
			<frame>8</frame>
		</part>
		<part>
			<location>body.leftArm</location>
			<rotation>46.7087944836029</rotation>
			<frame>16</frame>
		</part>
		<part>
			<location>body.leftArm.hand</location>
			<rotation>0</rotation>
			<frame>8</frame>
		</part>
		<part>
			<location>body.rightLeg</location>
			<rotation>7.27500497677784</rotation>
			<frame>12</frame>
		</part>
		<part>
			<location>body.rightLeg.foot</location>
			<rotation>-3.51515844818653</rotation>
			<frame>8</frame>
		</part>
		<part>
			<location>body.leftLeg</location>
			<rotation>-21.4234489153513</rotation>
			<frame>10</frame>
		</part>
		<part>
			<location>body.leftLeg.foot</location>
			<rotation>0</rotation>
			<frame>6</frame>
		</part>
	</frame>
	<frame>
		<part>
			<location>body.rightArm</location>
			<rotation>-166.947479441139</rotation>
			<frame>22</frame>
		</part>
		<part>
			<location>body.rightArm.hand</location>
			<rotation>-10.0810554104949</rotation>
			<frame>8</frame>
		</part>
		<part>
			<location>body.leftArm.hand</location>
			<rotation>34.8480145891483</rotation>
			<frame>8</frame>
		</part>
		<part>
			<location>body.rightLeg</location>
			<rotation>7.96498530977595</rotation>
			<frame>12</frame>
		</part>
		<part>
			<location>body.leftLeg</location>
			<rotation>-29.3890114801596</rotation>
			<frame>10</frame>
		</part>
	</frame>
	<frame>
		<part>
			<location>body.rightArm</location>
			<rotation>-159.342420616902</rotation>
			<frame>22</frame>
		</part>
		<part>
			<location>body.rightArm.hand</location>
			<rotation>-20.6575794036476</rotation>
			<frame>8</frame>
		</part>
		<part>
			<location>body.leftArm</location>
			<rotation>90.2384826165259</rotation>
			<frame>16</frame>
		</part>
		<part>
			<location>body.rightLeg</location>
			<rotation>5.58475656671999</rotation>
			<frame>12</frame>
		</part>
		<part>
			<location>body.rightLeg.foot</location>
			<rotation>-4.28106156646948</rotation>
			<frame>8</frame>
		</part>
		<part>
			<location>body.leftLeg</location>
			<rotation>-32.0053832213254</rotation>
			<frame>18</frame>
		</part>
		<part>
			<location>body.leftLeg.foot</location>
			<rotation>0</rotation>
			<frame>6</frame>
		</part>
	</frame>
	<frame>
		<part>
			<location>body.rightArm</location>
			<rotation>-5.48441325340379</rotation>
			<frame>24</frame>
		</part>
		<part>
			<location>body.rightArm.hand</location>
			<rotation>-177.133821038</rotation>
			<frame>8</frame>
		</part>
		<part>
			<location>body.leftArm</location>
			<rotation>103.387439860567</rotation>
			<frame>16</frame>
		</part>
		<part>
			<location>body.rightLeg</location>
			<rotation>3.16138036428299</rotation>
			<frame>12</frame>
		</part>
		<part>
			<location>body.leftLeg</location>
			<rotation>-24.9107592855326</rotation>
			<frame>18</frame>
		</part>
	</frame>
	<frame>
		<part>
			<location>body.rightArm</location>
			<rotation>0.655315327344226</rotation>
			<frame>24</frame>
		</part>
		<part>
			<location>body.rightArm.hand</location>
			<rotation>-176.737066443622</rotation>
			<frame>8</frame>
		</part>
		<part>
			<location>body.leftArm</location>
			<rotation>123.161198420619</rotation>
			<frame>16</frame>
		</part>
		<part>
			<location>body.rightLeg</location>
			<rotation>8.94689114500977</rotation>
			<frame>4</frame>
		</part>
		<part>
			<location>body.rightLeg.foot</location>
			<rotation>-12.0933169990803</rotation>
			<frame>16</frame>
		</part>
		<part>
			<location>body.leftLeg</location>
			<rotation>-9.31288130420764</rotation>
			<frame>18</frame>
		</part>
		<part>
			<location>body.leftLeg.foot</location>
			<rotation>0</rotation>
			<frame>6</frame>
		</part>
	</frame>
	<frame>
		<part>
			<location>body.rightArm</location>
			<rotation>-4.37971020024501</rotation>
			<frame>16</frame>
		</part>
		<part>
			<location>body.rightArm.hand</location>
			<rotation>-176.248048989128</rotation>
			<frame>2</frame>
		</part>
		<part>
			<location>body.leftArm</location>
			<rotation>143.965947215858</rotation>
			<frame>16</frame>
		</part>
		<part>
			<location>body.leftArm.hand</location>
			<rotation>14.6759010135689</rotation>
			<frame>8</frame>
		</part>
		<part>
			<location>body.rightLeg.foot</location>
			<rotation>-22.1113508185218</rotation>
			<frame>16</frame>
		</part>
		<part>
			<location>body.leftLeg</location>
			<rotation>2.30687648964374</rotation>
			<frame>18</frame>
		</part>
		<part>
			<location>body.leftLeg.foot</location>
			<rotation>0</rotation>
			<frame>6</frame>
		</part>
	</frame>
	<frame>
		<part>
			<location>body.rightArm</location>
			<rotation>-0.735972517720185</rotation>
			<frame>16</frame>
		</part>
		<part>
			<location>body.rightArm.hand</location>
			<rotation>176.486135348618</rotation>
			<frame>2</frame>
		</part>
		<part>
			<location>body.leftArm</location>
			<rotation>173.990994023328</rotation>
			<frame>8</frame>
		</part>
		<part>
			<location>body.leftArm.hand</location>
			<rotation>0</rotation>
			<frame>8</frame>
		</part>
		<part>
			<location>body.rightLeg.foot</location>
			<rotation>-29.9844021861778</rotation>
			<frame>16</frame>
		</part>
		<part>
			<location>body.leftLeg</location>
			<rotation>1.86529525978762</rotation>
			<frame>18</frame>
		</part>
	</frame>
	<frame>
		<part>
			<location>body.rightArm</location>
			<rotation>-4.64098933989177</rotation>
			<frame>8</frame>
		</part>
		<part>
			<location>body.rightArm.hand</location>
			<rotation>161.840238538599</rotation>
			<frame>2</frame>
		</part>
		<part>
			<location>body.leftArm</location>
			<rotation>178.182337735796</rotation>
			<frame>8</frame>
		</part>
		<part>
			<location>body.leftArm.hand</location>
			<rotation>0</rotation>
			<frame>2</frame>
		</part>
		<part>
			<location>body.rightLeg</location>
			<rotation>5.96902288511637</rotation>
			<frame>4</frame>
		</part>
		<part>
			<location>body.rightLeg.foot</location>
			<rotation>-29.628322327439</rotation>
			<frame>16</frame>
		</part>
	</frame>
	<frame>
		<part>
			<location>body.rightArm</location>
			<rotation>-2.24491290972504</rotation>
			<frame>8</frame>
		</part>
		<part>
			<location>body.rightArm.hand</location>
			<rotation>154.35769602349</rotation>
			<frame>2</frame>
		</part>
		<part>
			<location>body.leftArm</location>
			<rotation>179.789044454427</rotation>
			<frame>8</frame>
		</part>
	</frame>
	<frame>
		<part>
			<location>body.rightLeg</location>
			<rotation>5.42887485865572</rotation>
			<frame>4</frame>
		</part>
		<part>
			<location>body.rightLeg.foot</location>
			<rotation>-31.0948017547836</rotation>
			<frame>16</frame>
		</part>
		<part>
			<location>body.leftLeg</location>
			<rotation>4.389615135128</rotation>
			<frame>18</frame>
		</part>
		<part>
			<location>body.leftLeg.foot</location>
			<rotation>-4.25416435154767</rotation>
			<frame>6</frame>
		</part>
		<part>
			<location>body.leftArm</location>
			<rotation>-176.703195099776</rotation>
			<frame>8</frame>
		</part>
		<part>
			<location>body.leftArm.hand</location>
			<rotation>0</rotation>
			<frame>8</frame>
		</part>
		<part>
			<location>body.rightArm</location>
			<rotation>-6.09987946034693</rotation>
			<frame>8</frame>
		</part>
		<part>
			<location>body.rightArm.hand</location>
			<rotation>80.4026853416615</rotation>
			<frame>2</frame>
		</part>
	</frame>
	<frame>
		<part>
			<location>body.leftArm</location>
			<rotation>-177.680746262277</rotation>
			<frame>8</frame>
		</part>
		<part>
			<location>body.rightArm</location>
			<rotation>-15.9453959178317</rotation>
			<frame>8</frame>
		</part>
		<part>
			<location>body.rightArm.hand</location>
			<rotation>-0.462411275310714</rotation>
			<frame>2</frame>
		</part>
		<part>
			<location>body.leftLeg</location>
			<rotation>-0.259646790730059</rotation>
			<frame>18</frame>
		</part>
		<part>
			<location>body.leftLeg.foot</location>
			<rotation>0</rotation>
			<frame>6</frame>
		</part>
		<part>
			<location>body.rightLeg</location>
			<rotation>8.57771654360766</rotation>
			<frame>4</frame>
		</part>
	</frame>
	<frame>
		<part>
			<location>body.leftArm</location>
			<rotation>-176.743130327598</rotation>
			<frame>16</frame>
		</part>
		<part>
			<location>body.leftArm.hand</location>
			<rotation>0</rotation>
			<frame>8</frame>
		</part>
		<part>
			<location>body.rightArm</location>
			<rotation>-24.1752818326077</rotation>
			<frame>8</frame>
		</part>
		<part>
			<location>body.leftLeg</location>
			<rotation>-8.30130439171522</rotation>
			<frame>18</frame>
		</part>
		<part>
			<location>body.leftLeg.foot</location>
			<rotation>0</rotation>
			<frame>6</frame>
		</part>
		<part>
			<location>body.rightLeg</location>
			<rotation>13.7759789181559</rotation>
			<frame>4</frame>
		</part>
	</frame>
	<frame>
		<part>
			<location>body.leftArm</location>
			<rotation>-179.121299251739</rotation>
			<frame>16</frame>
		</part>
		<part>
			<location>body.leftArm.hand</location>
			<rotation>4.94764130051439</rotation>
			<frame>8</frame>
		</part>
		<part>
			<location>body.rightArm</location>
			<rotation>-32.1871354967869</rotation>
			<frame>6</frame>
		</part>
		<part>
			<location>body.leftLeg</location>
			<rotation>-1.60274841808346</rotation>
			<frame>10</frame>
		</part>
		<part>
			<location>body.leftLeg.foot</location>
			<rotation>0</rotation>
			<frame>6</frame>
		</part>
		<part>
			<location>body.rightLeg</location>
			<rotation>19.0963606065299</rotation>
			<frame>4</frame>
		</part>
	</frame>
	<frame>
		<part>
			<location>body.leftArm</location>
			<rotation>177.517633283932</rotation>
			<frame>16</frame>
		</part>
		<part>
			<location>body.rightArm</location>
			<rotation>-41.8032908875006</rotation>
			<frame>14</frame>
		</part>
		<part>
			<location>body.rightArm.hand</location>
			<rotation>0</rotation>
			<frame>2</frame>
		</part>
		<part>
			<location>body.leftLeg</location>
			<rotation>0.952973045256272</rotation>
			<frame>10</frame>
		</part>
		<part>
			<location>body.rightLeg</location>
			<rotation>20.8924260956549</rotation>
			<frame>12</frame>
		</part>
		<part>
			<location>body.rightLeg.foot</location>
			<rotation>0</rotation>
			<frame>8</frame>
		</part>
	</frame>
	<frame>
		<part>
			<location>body.leftArm</location>
			<rotation>175.835327328535</rotation>
			<frame>24</frame>
		</part>
		<part>
			<location>body.leftArm.hand</location>
			<rotation>8.43134586782946</rotation>
			<frame>8</frame>
		</part>
		<part>
			<location>body.rightArm</location>
			<rotation>-59.1583657330456</rotation>
			<frame>14</frame>
		</part>
		<part>
			<location>body.leftLeg</location>
			<rotation>1.99537358174331</rotation>
			<frame>10</frame>
		</part>
		<part>
			<location>body.rightLeg</location>
			<rotation>24.6394731141518</rotation>
			<frame>12</frame>
		</part>
	</frame>
	<frame>
		<part>
			<location>body.leftArm</location>
			<rotation>167.020940013225</rotation>
			<frame>24</frame>
		</part>
		<part>
			<location>body.leftArm.hand</location>
			<rotation>14.3045809506555</rotation>
			<frame>8</frame>
		</part>
		<part>
			<location>body.rightArm</location>
			<rotation>-83.5131783018179</rotation>
			<frame>14</frame>
		</part>
		<part>
			<location>body.leftLeg.foot</location>
			<rotation>21.909618408147</rotation>
			<frame>14</frame>
		</part>
		<part>
			<location>body.rightLeg</location>
			<rotation>29.0000990119497</rotation>
			<frame>12</frame>
		</part>
	</frame>
	<frame>
		<part>
			<location>body.leftArm</location>
			<rotation>2.44627522072523</rotation>
			<frame>22</frame>
		</part>
		<part>
			<location>body.leftArm.hand</location>
			<rotation>177.138415614615</rotation>
			<frame>2</frame>
		</part>
		<part>
			<location>body.rightArm</location>
			<rotation>-94.3864092429775</rotation>
			<frame>14</frame>
		</part>
		<part>
			<location>body.rightArm.hand</location>
			<rotation>-24.7683217986886</rotation>
			<frame>2</frame>
		</part>
		<part>
			<location>body.leftLeg</location>
			<rotation>3.32199498062812</rotation>
			<frame>10</frame>
		</part>
		<part>
			<location>body.rightLeg</location>
			<rotation>33.0333215377822</rotation>
			<frame>12</frame>
		</part>
	</frame>
	<frame>
		<part>
			<location>body.leftArm</location>
			<rotation>10.3194181497972</rotation>
			<frame>14</frame>
		</part>
		<part>
			<location>body.leftArm.hand</location>
			<rotation>171.420869388366</rotation>
			<frame>8</frame>
		</part>
		<part>
			<location>body.rightArm</location>
			<rotation>-134.019633139223</rotation>
			<frame>14</frame>
		</part>
		<part>
			<location>body.leftLeg</location>
			<rotation>-2.61008456192687</rotation>
			<frame>2</frame>
		</part>
		<part>
			<location>body.leftLeg.foot</location>
			<rotation>20.9529621630024</rotation>
			<frame>14</frame>
		</part>
		<part>
			<location>body.rightLeg</location>
			<rotation>37.8975144441823</rotation>
			<frame>20</frame>
		</part>
		<part>
			<location>body.rightLeg.foot</location>
			<rotation>0</rotation>
			<frame>8</frame>
		</part>
	</frame>
	<frame>
		<part>
			<location>body.leftArm</location>
			<rotation>5.86446597173699</rotation>
			<frame>14</frame>
		</part>
		<part>
			<location>body.rightArm</location>
			<rotation>-150.098756326406</rotation>
			<frame>6</frame>
		</part>
		<part>
			<location>body.rightArm.hand</location>
			<rotation>0</rotation>
			<frame>2</frame>
		</part>
		<part>
			<location>body.leftLeg.foot</location>
			<rotation>28.740455354652</rotation>
			<frame>14</frame>
		</part>
		<part>
			<location>body.rightLeg</location>
			<rotation>30.834615262741</rotation>
			<frame>20</frame>
		</part>
	</frame>
	<frame>
		<part>
			<location>body.leftArm</location>
			<rotation>5.06813954899314</rotation>
			<frame>6</frame>
		</part>
		<part>
			<location>body.leftArm.hand</location>
			<rotation>-154.121867220017</rotation>
			<frame>2</frame>
		</part>
		<part>
			<location>body.rightArm</location>
			<rotation>-159.580774801</rotation>
			<frame>6</frame>
		</part>
		<part>
			<location>body.leftLeg</location>
			<rotation>1.46981887372931</rotation>
			<frame>2</frame>
		</part>
		<part>
			<location>body.rightLeg</location>
			<rotation>10.6196552942801</rotation>
			<frame>20</frame>
		</part>
		<part>
			<location>body.rightLeg.foot</location>
			<rotation>0</rotation>
			<frame>8</frame>
		</part>
	</frame>
	<frame>
		<part>
			<location>body.leftArm.hand</location>
			<rotation>-110.527907310465</rotation>
			<frame>2</frame>
		</part>
		<part>
			<location>body.rightArm</location>
			<rotation>-169.701386057285</rotation>
			<frame>6</frame>
		</part>
		<part>
			<location>body.rightArm.hand</location>
			<rotation>0</rotation>
			<frame>2</frame>
		</part>
		<part>
			<location>body.rightLeg</location>
			<rotation>8.78116275293013</rotation>
			<frame>20</frame>
		</part>
	</frame>
</climb>
