<colors>
	<color>
		<name>red</name>
		<red>32</red>
		<green>-255</green>
		<blue>-255</blue>
	</color>
	<color>
		<name>blue</name>
		<red>-163</red>
		<green>-121</green>
		<blue>32</blue>
	</color>
	<color>
		<name>aqua</name>
		<red>-255</red>
		<green>0</green>
		<blue>0</blue>
	</color>
	<color>
		<name>orange</name>
		<red>23</red>
		<green>-126</green>
		<blue>-209</blue>
	</color>
	<color>
		<name>yellow</name>
		<red>9</red>
		<green>-5</green>
		<blue>-255</blue>
	</color>
	<color>
		<name>green</name>
		<red>-255</red>
		<green>-10</green>
		<blue>-255</blue>
	</color>
	<color>
		<name>black</name>
		<red>-146</red>
		<green>-146</green>
		<blue>-146</blue>
	</color>
	<color>
		<name>white</name>
		<red>30</red>
		<green>30</green>
		<blue>30</blue>
	</color>
	<color>
		<name>brown</name>
		<red>-47</red>
		<green>-126</green>
		<blue>-255</blue>
	</color>
	<color>
		<name>sky</name>
		<red>-70</red>
		<green>-30</green>
		<blue>100</blue>
	</color>
	<color>
		<name>lime</name>
		<red>9</red>
		<green>32</green>
		<blue>-255</blue>
	</color>
	<color>
		<name>tan</name>
		<red>41</red>
		<green>32</green>
		<blue>-38</blue>
	</color>
	<color>
		<name>gray</name>
		<red>-80</red>
		<green>-80</green>
		<blue>-80</blue>
	</color>
	<color>
		<name>none</name>
		<red>0</red>
		<green>0</green>
		<blue>0</blue>
	</color>
	<color>
		<name>purple</name>
		<red>-38</red>
		<green>-107</green>
		<blue>37</blue>
	</color>
	<color>
		<name>forest</name>
		<red>-158</red>
		<green>-75</green>
		<blue>-158</blue>
	</color>
	<color>
		<name>slate</name>
		<red>-50</red>
		<green>-50</green>
		<blue>-50</blue>
	</color>
</colors>