<E_Idle>
	<frame>
		<part>
			<location>body</location>
			<rotation>0</rotation>
			<frame>3</frame>
		</part>
		<part>
			<location>body.rightArm</location>
			<rotation>1.87984310721174</rotation>
			<frame>5</frame>
		</part>
		<part>
			<location>body.leftArm</location>
			<rotation>-12.6333619529401</rotation>
			<frame>5</frame>
		</part>
		<part>
			<location>body.rightLeg</location>
			<rotation>3.16615192099255</rotation>
			<frame>1</frame>
		</part>
		<part>
			<location>body.leftLeg</location>
			<rotation>-5.53688238176912</rotation>
			<frame>1</frame>
		</part>
		<part>
			<location>body.rightLeg.foot</location>
			<rotation>-1.45024372798406</rotation>
			<frame>13</frame>
		</part>
		<part>
			<location>body.leftLeg.foot</location>
			<rotation>3.80306465787245</rotation>
			<frame>13</frame>
		</part>
		<part>
			<location>body.head</location>
			<rotation>-0.665133313125565</rotation>
			<frame>3</frame>
		</part>
	</frame>
	<frame>
	</frame>
	<frame>
	</frame>
	<frame>
	</frame>
	<frame>
	</frame>
	<frame>
	</frame>
	<frame>
	</frame>
	<frame>
		<part>
			<location>body.rightArm</location>
			<rotation>1.06529463498464</rotation>
			<frame>5</frame>
		</part>
	</frame>
	<frame>
	</frame>
	<frame>
	</frame>
	<frame>
		<part>
			<location>body.leftArm</location>
			<rotation>-12.9946168094991</rotation>
			<frame>5</frame>
		</part>
	</frame>
	<frame>
	</frame>
	<frame>
	</frame>
	<frame>
	</frame>
	<frame>
		<part>
			<location>body.rightArm</location>
			<rotation>1.09546569991903</rotation>
			<frame>5</frame>
		</part>
	</frame>
</E_Idle>
