<E_Item>
	<frame>
		<part>
			<location>body</location>
			<rotation>0</rotation>
			<frame>3</frame>
		</part>
		<part>
			<location>body.rightLeg</location>
			<rotation>2.63108265913763</rotation>
			<frame>1</frame>
		</part>
		<part>
			<location>body.leftLeg</location>
			<rotation>-6.46101413645458</rotation>
			<frame>1</frame>
		</part>
		<part>
			<location>body.rightLeg.foot</location>
			<rotation>-2.32712910007956</rotation>
			<frame>13</frame>
		</part>
		<part>
			<location>body.leftLeg.foot</location>
			<rotation>3.67799336268376</rotation>
			<frame>13</frame>
		</part>
		<part>
			<location>body.rightArm</location>
			<rotation>-10.7672005011928</rotation>
			<frame>13</frame>
		</part>
		<part>
			<location>body.leftArm</location>
			<rotation>-18.9088389729128</rotation>
			<frame>5</frame>
		</part>
		<part>
			<location>body.rightArm.hand</location>
			<rotation>-9.07201282905524</rotation>
			<frame>1</frame>
		</part>
		<part>
			<location>body.head</location>
			<rotation>33.0792614730743</rotation>
			<frame>3</frame>
		</part>
	</frame>
</E_Item>
