<E_Shoot>
	<frame>
		<part>
			<location>body</location>
			<rotation>0</rotation>
			<frame>3</frame>
		</part>
		<part>
			<location>body.rightLeg</location>
			<rotation>4.60685529257159</rotation>
			<frame>1</frame>
		</part>
		<part>
			<location>body.leftLeg</location>
			<rotation>-9.46232222641474</rotation>
			<frame>1</frame>
		</part>
		<part>
			<location>body.rightLeg.foot</location>
			<rotation>-3.49977976201552</rotation>
			<frame>13</frame>
		</part>
		<part>
			<location>body.leftLeg.foot</location>
			<rotation>6.10639741369174</rotation>
			<frame>13</frame>
		</part>
		<part>
			<location>body.rightArm</location>
			<rotation>-0.486179691880821</rotation>
			<frame>5</frame>
		</part>
		<part>
			<location>body.leftArm</location>
			<rotation>-12.187337550684</rotation>
			<frame>5</frame>
		</part>
	</frame>
	<frame>
		<part>
			<location>body.rightArm</location>
			<rotation>-7.85331332073473</rotation>
			<frame>5</frame>
		</part>
	</frame>
	<frame>
		<part>
			<location>body.rightArm</location>
			<rotation>-15.1702780424973</rotation>
			<frame>5</frame>
		</part>
		<part>
			<location>body.rightLeg</location>
			<rotation>6.30456006593624</rotation>
			<frame>1</frame>
		</part>
		<part>
			<location>body.rightLeg.foot</location>
			<rotation>-6.44638103323395</rotation>
			<frame>13</frame>
		</part>
		<part>
			<location>body.rightArm.hand</location>
			<rotation>16.0226103522483</rotation>
			<frame>1</frame>
		</part>
	</frame>
	<frame>
		<part>
			<location>body.rightArm</location>
			<rotation>-30.8830583179286</rotation>
			<frame>5</frame>
		</part>
		<part>
			<location>body.head</location>
			<rotation>0.713929169272319</rotation>
			<frame>3</frame>
		</part>
		<part>
			<location>body.rightArm.hand</location>
			<rotation>31.0537842321838</rotation>
			<frame>1</frame>
		</part>
	</frame>
	<frame>
		<part>
			<location>body.rightArm</location>
			<rotation>-49.8656986844405</rotation>
			<frame>5</frame>
		</part>
		<part>
			<location>body.rightLeg</location>
			<rotation>8.87141120213033</rotation>
			<frame>1</frame>
		</part>
		<part>
			<location>body.rightLeg.foot</location>
			<rotation>-10.7903973081946</rotation>
			<frame>13</frame>
		</part>
		<part>
			<location>body.rightArm.hand</location>
			<rotation>49.7501831359298</rotation>
			<frame>1</frame>
		</part>
	</frame>
	<frame>
		<part>
			<location>body.rightArm</location>
			<rotation>-60.4717710108077</rotation>
			<frame>5</frame>
		</part>
		<part>
			<location>body.rightArm.hand</location>
			<rotation>60.4260441208762</rotation>
			<frame>1</frame>
		</part>
	</frame>
	<frame>
		<part>
			<location>body.rightArm</location>
			<rotation>-84.973535477185</rotation>
			<frame>5</frame>
		</part>
		<part>
			<location>body.rightArm.hand</location>
			<rotation>82.8142039715016</rotation>
			<frame>1</frame>
		</part>
	</frame>
	<frame>
		<part>
			<location>body.rightArm</location>
			<rotation>-87.9017976268309</rotation>
			<frame>5</frame>
		</part>
		<part>
			<location>body.rightLeg</location>
			<rotation>11.06000701279</rotation>
			<frame>1</frame>
		</part>
		<part>
			<location>body.rightLeg.foot</location>
			<rotation>-11.2967651051928</rotation>
			<frame>13</frame>
		</part>
		<part>
			<location>body.head</location>
			<rotation>4.69868053677635</rotation>
			<frame>3</frame>
		</part>
	</frame>
	<frame>
		<part>
			<location>body.rightArm</location>
			<rotation>-88.9054928212134</rotation>
			<frame>5</frame>
		</part>
	</frame>
	<frame>
		<part>
			<location>body.rightArm</location>
			<rotation>-85.674710395048</rotation>
			<frame>5</frame>
		</part>
		<part>
			<location>body.rightArm.hand</location>
			<rotation>71.6034557442597</rotation>
			<frame>1</frame>
		</part>
	</frame>
	<frame>
		<part>
			<location>body.rightArm</location>
			<rotation>-63.4075083236623</rotation>
			<frame>5</frame>
		</part>
		<part>
			<location>body.rightArm.hand</location>
			<rotation>42.4369159387048</rotation>
			<frame>1</frame>
		</part>
	</frame>
	<frame>
		<part>
			<location>body.rightArm</location>
			<rotation>-48.3587806167512</rotation>
			<frame>5</frame>
		</part>
		<part>
			<location>body.leftArm</location>
			<rotation>-10.9035862587712</rotation>
			<frame>5</frame>
		</part>
		<part>
			<location>body.rightLeg</location>
			<rotation>5.46487713328719</rotation>
			<frame>1</frame>
		</part>
		<part>
			<location>body.leftLeg</location>
			<rotation>-9.84582238615414</rotation>
			<frame>1</frame>
		</part>
		<part>
			<location>body.rightLeg.foot</location>
			<rotation>-2.25190649870501</rotation>
			<frame>13</frame>
		</part>
		<part>
			<location>body.leftLeg.foot</location>
			<rotation>8.18439403557248</rotation>
			<frame>13</frame>
		</part>
		<part>
			<location>body.head</location>
			<rotation>2.83211139290904</rotation>
			<frame>3</frame>
		</part>
		<part>
			<location>body.rightArm.hand</location>
			<rotation>28.5599042461973</rotation>
			<frame>1</frame>
		</part>
	</frame>
	<frame>
		<part>
			<location>body.rightArm</location>
			<rotation>-23.1218028334271</rotation>
			<frame>5</frame>
		</part>
		<part>
			<location>body.rightArm.hand</location>
			<rotation>16.151124271915</rotation>
			<frame>1</frame>
		</part>
	</frame>
	<frame>
		<part>
			<location>body.rightArm</location>
			<rotation>-6.99079953485204</rotation>
			<frame>5</frame>
		</part>
		<part>
			<location>body.rightArm.hand</location>
			<rotation>4.59154172159818</rotation>
			<frame>1</frame>
		</part>
	</frame>
</E_Shoot>
