<E_Use>
	<frame>
		<part>
			<location>body</location>
			<rotation>0</rotation>
			<frame>3</frame>
		</part>
		<part>
			<location>body.rightLeg</location>
			<rotation>1.4398760681479</rotation>
			<frame>1</frame>
		</part>
		<part>
			<location>body.leftLeg</location>
			<rotation>-7.74343565410989</rotation>
			<frame>1</frame>
		</part>
		<part>
			<location>body.rightLeg.foot</location>
			<rotation>-2.41800168272064</rotation>
			<frame>13</frame>
		</part>
		<part>
			<location>body.leftLeg.foot</location>
			<rotation>0.947851216787754</rotation>
			<frame>13</frame>
		</part>
		<part>
			<location>body.leftArm</location>
			<rotation>-14.5932682361169</rotation>
			<frame>5</frame>
		</part>
		<part>
			<location>body.rightArm</location>
			<rotation>1.87984310721174</rotation>
			<frame>5</frame>
		</part>
	</frame>
	<frame>
		<part>
			<location>body.leftArm</location>
			<rotation>-47.7843755378784</rotation>
			<frame>5</frame>
		</part>
	</frame>
	<frame>
		<part>
			<location>body.leftArm</location>
			<rotation>-84.778681487275</rotation>
			<frame>5</frame>
		</part>
	</frame>
	<frame>
	</frame>
	<frame>
		<part>
			<location>body.leftArm</location>
			<rotation>-82.6330135182124</rotation>
			<frame>5</frame>
		</part>
	</frame>
	<frame>
		<part>
			<location>body.leftArm</location>
			<rotation>-78.4342210447354</rotation>
			<frame>5</frame>
		</part>
	</frame>
	<frame>
	</frame>
	<frame>
		<part>
			<location>body.leftArm</location>
			<rotation>-55.0889371832355</rotation>
			<frame>5</frame>
		</part>
	</frame>
	<frame>
		<part>
			<location>body.leftArm</location>
			<rotation>-38.0916928693571</rotation>
			<frame>5</frame>
		</part>
	</frame>
	<frame>
		<part>
			<location>body.leftArm</location>
			<rotation>-16.3621457655522</rotation>
			<frame>5</frame>
		</part>
	</frame>
</E_Use>
