<E_Walk>
	<frame>
		<part>
			<location>body</location>
			<rotation>0</rotation>
			<frame>3</frame>
		</part>
		<part>
			<location>body.rightArm</location>
			<rotation>-22.1475418410356</rotation>
			<frame>5</frame>
		</part>
		<part>
			<location>body.leftArm</location>
			<rotation>10.972240255856</rotation>
			<frame>5</frame>
		</part>
		<part>
			<location>body.rightLeg</location>
			<rotation>26.5126625019558</rotation>
			<frame>1</frame>
		</part>
		<part>
			<location>body.leftLeg</location>
			<rotation>-25.6273971087722</rotation>
			<frame>1</frame>
		</part>
		<part>
			<location>body.rightLeg.foot</location>
			<rotation>-28.1681490612468</rotation>
			<frame>13</frame>
		</part>
		<part>
			<location>body.leftLeg.foot</location>
			<rotation>27.2235411408878</rotation>
			<frame>13</frame>
		</part>
	</frame>
	<frame>
		<part>
			<location>body.rightArm</location>
			<rotation>-17.6816044698743</rotation>
			<frame>5</frame>
		</part>
		<part>
			<location>body.leftArm</location>
			<rotation>8.4180184393407</rotation>
			<frame>5</frame>
		</part>
		<part>
			<location>body.leftLeg</location>
			<rotation>-21.4424915177731</rotation>
			<frame>1</frame>
		</part>
		<part>
			<location>body.leftLeg.foot</location>
			<rotation>20.1063890266347</rotation>
			<frame>13</frame>
		</part>
		<part>
			<location>body.rightLeg</location>
			<rotation>22.1843768988144</rotation>
			<frame>1</frame>
		</part>
		<part>
			<location>body.rightLeg.foot</location>
			<rotation>-14.6824200514787</rotation>
			<frame>13</frame>
		</part>
	</frame>
	<frame>
		<part>
			<location>body.rightArm</location>
			<rotation>-13.3767528473468</rotation>
			<frame>5</frame>
		</part>
		<part>
			<location>body.leftArm</location>
			<rotation>4.45937635506891</rotation>
			<frame>5</frame>
		</part>
		<part>
			<location>body.leftLeg</location>
			<rotation>-17.6464632812456</rotation>
			<frame>1</frame>
		</part>
		<part>
			<location>body.leftLeg.foot</location>
			<rotation>15.5197457736412</rotation>
			<frame>13</frame>
		</part>
		<part>
			<location>body.rightLeg</location>
			<rotation>17.591499064968</rotation>
			<frame>1</frame>
		</part>
		<part>
			<location>body.rightLeg.foot</location>
			<rotation>-0.735168197643247</rotation>
			<frame>13</frame>
		</part>
		<part>
			<location>body.head</location>
			<rotation>4.91178819193425</rotation>
			<frame>3</frame>
		</part>
	</frame>
	<frame>
		<part>
			<location>body.rightArm</location>
			<rotation>-9.59770897703581</rotation>
			<frame>5</frame>
		</part>
		<part>
			<location>body.leftArm</location>
			<rotation>1.99098940120115</rotation>
			<frame>5</frame>
		</part>
		<part>
			<location>body.leftLeg</location>
			<rotation>-13.2314727545953</rotation>
			<frame>1</frame>
		</part>
		<part>
			<location>body.leftLeg.foot</location>
			<rotation>11.9128768915181</rotation>
			<frame>13</frame>
		</part>
		<part>
			<location>body.rightLeg</location>
			<rotation>10.6749067520814</rotation>
			<frame>9</frame>
		</part>
		<part>
			<location>body.rightLeg.foot</location>
			<rotation>13.3650298512603</rotation>
			<frame>13</frame>
		</part>
	</frame>
	<frame>
		<part>
			<location>body.rightArm</location>
			<rotation>-6.14415720352405</rotation>
			<frame>5</frame>
		</part>
		<part>
			<location>body.leftArm</location>
			<rotation>-2.80111202083511</rotation>
			<frame>5</frame>
		</part>
		<part>
			<location>body.leftLeg</location>
			<rotation>-9.33066855301753</rotation>
			<frame>1</frame>
		</part>
		<part>
			<location>body.leftLeg.foot</location>
			<rotation>6.85090474121701</rotation>
			<frame>13</frame>
		</part>
		<part>
			<location>body.rightLeg</location>
			<rotation>1.97677485923708</rotation>
			<frame>9</frame>
		</part>
		<part>
			<location>body.rightLeg.foot</location>
			<rotation>23.5911403452179</rotation>
			<frame>13</frame>
		</part>
	</frame>
	<frame>
		<part>
			<location>body.rightArm</location>
			<rotation>-2.1804671051645</rotation>
			<frame>5</frame>
		</part>
		<part>
			<location>body.leftArm</location>
			<rotation>-6.32185711619773</rotation>
			<frame>5</frame>
		</part>
		<part>
			<location>body.leftLeg</location>
			<rotation>-6.41460182642473</rotation>
			<frame>1</frame>
		</part>
		<part>
			<location>body.leftLeg.foot</location>
			<rotation>5.70825126989556</rotation>
			<frame>13</frame>
		</part>
		<part>
			<location>body.rightLeg</location>
			<rotation>-4.51113971284889</rotation>
			<frame>9</frame>
		</part>
		<part>
			<location>body.rightLeg.foot</location>
			<rotation>26.3406078704628</rotation>
			<frame>13</frame>
		</part>
		<part>
			<location>body.head</location>
			<rotation>5.81562654871317</rotation>
			<frame>3</frame>
		</part>
	</frame>
	<frame>
		<part>
			<location>body.rightArm</location>
			<rotation>0.280074924179189</rotation>
			<frame>5</frame>
		</part>
		<part>
			<location>body.leftArm</location>
			<rotation>-14.200532008495</rotation>
			<frame>5</frame>
		</part>
		<part>
			<location>body.leftLeg</location>
			<rotation>-2.09044681908227</rotation>
			<frame>1</frame>
		</part>
		<part>
			<location>body.leftLeg.foot</location>
			<rotation>-0.843301191712698</rotation>
			<frame>13</frame>
		</part>
		<part>
			<location>body.rightLeg</location>
			<rotation>-9.27489803559224</rotation>
			<frame>9</frame>
		</part>
		<part>
			<location>body.rightLeg.foot</location>
			<rotation>21.060134220722</rotation>
			<frame>13</frame>
		</part>
	</frame>
	<frame>
		<part>
			<location>body.rightArm</location>
			<rotation>2.64193952871062</rotation>
			<frame>5</frame>
		</part>
		<part>
			<location>body.leftArm</location>
			<rotation>-18.9704078247047</rotation>
			<frame>5</frame>
		</part>
		<part>
			<location>body.leftLeg</location>
			<rotation>1.93382114417318</rotation>
			<frame>1</frame>
		</part>
		<part>
			<location>body.leftLeg.foot</location>
			<rotation>-4.51422355467734</rotation>
			<frame>13</frame>
		</part>
		<part>
			<location>body.rightLeg</location>
			<rotation>-15.7015163769332</rotation>
			<frame>9</frame>
		</part>
		<part>
			<location>body.rightLeg.foot</location>
			<rotation>23.7110423877982</rotation>
			<frame>13</frame>
		</part>
	</frame>
	<frame>
		<part>
			<location>body.rightArm</location>
			<rotation>7.29978688678091</rotation>
			<frame>5</frame>
		</part>
		<part>
			<location>body.leftArm</location>
			<rotation>-23.4211078301236</rotation>
			<frame>5</frame>
		</part>
		<part>
			<location>body.leftLeg</location>
			<rotation>5.9875789845895</rotation>
			<frame>1</frame>
		</part>
		<part>
			<location>body.leftLeg.foot</location>
			<rotation>-5.98757896403981</rotation>
			<frame>13</frame>
		</part>
		<part>
			<location>body.rightLeg</location>
			<rotation>-19.3907269567179</rotation>
			<frame>9</frame>
		</part>
		<part>
			<location>body.rightLeg.foot</location>
			<rotation>22.7532408341555</rotation>
			<frame>13</frame>
		</part>
	</frame>
	<frame>
		<part>
			<location>body.rightArm</location>
			<rotation>9.22186571530113</rotation>
			<frame>5</frame>
		</part>
		<part>
			<location>body.leftArm</location>
			<rotation>-26.0129485524122</rotation>
			<frame>5</frame>
		</part>
		<part>
			<location>body.leftLeg</location>
			<rotation>9.61582696161065</rotation>
			<frame>1</frame>
		</part>
		<part>
			<location>body.leftLeg.foot</location>
			<rotation>-9.26604020302466</rotation>
			<frame>13</frame>
		</part>
		<part>
			<location>body.rightLeg</location>
			<rotation>-31.9607325293824</rotation>
			<frame>1</frame>
		</part>
		<part>
			<location>body.rightLeg.foot</location>
			<rotation>22.4115985822772</rotation>
			<frame>13</frame>
		</part>
		<part>
			<location>body.head</location>
			<rotation>5.81562654871317</rotation>
			<frame>3</frame>
		</part>
	</frame>
	<frame>
		<part>
			<location>body.rightArm</location>
			<rotation>13.2275021096644</rotation>
			<frame>5</frame>
		</part>
		<part>
			<location>body.leftArm</location>
			<rotation>-29.3965124003891</rotation>
			<frame>5</frame>
		</part>
		<part>
			<location>body.leftLeg</location>
			<rotation>17.9488463451323</rotation>
			<frame>1</frame>
		</part>
		<part>
			<location>body.leftLeg.foot</location>
			<rotation>-21.0762558411667</rotation>
			<frame>13</frame>
		</part>
		<part>
			<location>body.rightLeg</location>
			<rotation>-32.7209118835403</rotation>
			<frame>1</frame>
		</part>
		<part>
			<location>body.rightLeg.foot</location>
			<rotation>18.7202447858112</rotation>
			<frame>13</frame>
		</part>
	</frame>
	<frame>
		<part>
			<location>body.rightArm</location>
			<rotation>15.71347517802</rotation>
			<frame>5</frame>
		</part>
		<part>
			<location>body.leftArm</location>
			<rotation>-30.7374040263479</rotation>
			<frame>5</frame>
		</part>
		<part>
			<location>body.leftLeg</location>
			<rotation>22.6800211484711</rotation>
			<frame>1</frame>
		</part>
		<part>
			<location>body.leftLeg.foot</location>
			<rotation>-26.7807369760425</rotation>
			<frame>13</frame>
		</part>
		<part>
			<location>body.rightLeg.foot</location>
			<rotation>21.8790949283092</rotation>
			<frame>13</frame>
		</part>
	</frame>
	<frame>
		<part>
			<location>body.rightArm</location>
			<rotation>17.5311567685125</rotation>
			<frame>5</frame>
		</part>
		<part>
			<location>body.leftArm</location>
			<rotation>-30.754934583615</rotation>
			<frame>5</frame>
		</part>
		<part>
			<location>body.rightLeg</location>
			<rotation>-30.1500644431711</rotation>
			<frame>1</frame>
		</part>
		<part>
			<location>body.leftLeg</location>
			<rotation>30.2685941427212</rotation>
			<frame>1</frame>
		</part>
		<part>
			<location>body.leftLeg.foot</location>
			<rotation>-29.9489557115423</rotation>
			<frame>13</frame>
		</part>
		<part>
			<location>body.rightLeg.foot</location>
			<rotation>29.7560143803842</rotation>
			<frame>13</frame>
		</part>
		<part>
			<location>body.head</location>
			<rotation>4.25065459423041</rotation>
			<frame>3</frame>
		</part>
	</frame>
	<frame>
		<part>
			<location>body.rightArm</location>
			<rotation>13.7525029986552</rotation>
			<frame>5</frame>
		</part>
		<part>
			<location>body.leftArm</location>
			<rotation>-28.4358993439502</rotation>
			<frame>5</frame>
		</part>
		<part>
			<location>body.rightLeg</location>
			<rotation>-22.4852429870642</rotation>
			<frame>1</frame>
		</part>
		<part>
			<location>body.rightLeg.foot</location>
			<rotation>20.3747956835597</rotation>
			<frame>13</frame>
		</part>
		<part>
			<location>body.leftLeg</location>
			<rotation>26.5101526652451</rotation>
			<frame>1</frame>
		</part>
	</frame>
	<frame>
		<part>
			<location>body.rightArm</location>
			<rotation>11.7749593939419</rotation>
			<frame>5</frame>
		</part>
		<part>
			<location>body.leftArm</location>
			<rotation>-22.0344401199841</rotation>
			<frame>5</frame>
		</part>
		<part>
			<location>body.rightLeg</location>
			<rotation>-20.8998444364783</rotation>
			<frame>1</frame>
		</part>
		<part>
			<location>body.rightLeg.foot</location>
			<rotation>19.2558549231983</rotation>
			<frame>13</frame>
		</part>
		<part>
			<location>body.leftLeg</location>
			<rotation>23.710561934484</rotation>
			<frame>1</frame>
		</part>
		<part>
			<location>body.leftLeg.foot</location>
			<rotation>-28.1880011535574</rotation>
			<frame>13</frame>
		</part>
	</frame>
	<frame>
		<part>
			<location>body.rightArm</location>
			<rotation>7.61081949637872</rotation>
			<frame>5</frame>
		</part>
		<part>
			<location>body.leftArm</location>
			<rotation>-19.2426241436003</rotation>
			<frame>5</frame>
		</part>
		<part>
			<location>body.rightLeg</location>
			<rotation>-11.781826850157</rotation>
			<frame>1</frame>
		</part>
		<part>
			<location>body.rightLeg.foot</location>
			<rotation>11.7818268707067</rotation>
			<frame>13</frame>
		</part>
		<part>
			<location>body.leftLeg</location>
			<rotation>18.1852636083797</rotation>
			<frame>9</frame>
		</part>
		<part>
			<location>body.leftLeg.foot</location>
			<rotation>-27.9148325133124</rotation>
			<frame>13</frame>
		</part>
	</frame>
	<frame>
		<part>
			<location>body.rightArm</location>
			<rotation>3.62832927995379</rotation>
			<frame>5</frame>
		</part>
		<part>
			<location>body.leftArm</location>
			<rotation>-15.3841307651621</rotation>
			<frame>5</frame>
		</part>
		<part>
			<location>body.rightLeg</location>
			<rotation>-4.17211833847016</rotation>
			<frame>1</frame>
		</part>
		<part>
			<location>body.rightLeg.foot</location>
			<rotation>4.40920299000554</rotation>
			<frame>13</frame>
		</part>
		<part>
			<location>body.leftLeg</location>
			<rotation>11.7313804892505</rotation>
			<frame>9</frame>
		</part>
		<part>
			<location>body.leftLeg.foot</location>
			<rotation>-17.8416018971896</rotation>
			<frame>13</frame>
		</part>
	</frame>
	<frame>
		<part>
			<location>body.rightArm</location>
			<rotation>-2.1804671051645</rotation>
			<frame>5</frame>
		</part>
		<part>
			<location>body.leftArm</location>
			<rotation>-10.5582340783943</rotation>
			<frame>5</frame>
		</part>
		<part>
			<location>body.rightLeg</location>
			<rotation>0.644171456460128</rotation>
			<frame>1</frame>
		</part>
		<part>
			<location>body.rightLeg.foot</location>
			<rotation>-0.246290474166756</rotation>
			<frame>13</frame>
		</part>
		<part>
			<location>body.leftLeg</location>
			<rotation>3.8639072581766</rotation>
			<frame>9</frame>
		</part>
		<part>
			<location>body.head</location>
			<rotation>0.415179561599814</rotation>
			<frame>3</frame>
		</part>
	</frame>
	<frame>
		<part>
			<location>body.rightArm</location>
			<rotation>-6.05898774314456</rotation>
			<frame>5</frame>
		</part>
		<part>
			<location>body.leftArm</location>
			<rotation>-3.00198555978635</rotation>
			<frame>5</frame>
		</part>
		<part>
			<location>body.rightLeg</location>
			<rotation>3.92986726663685</rotation>
			<frame>1</frame>
		</part>
		<part>
			<location>body.rightLeg.foot</location>
			<rotation>-3.85062002207098</rotation>
			<frame>13</frame>
		</part>
		<part>
			<location>body.leftLeg</location>
			<rotation>-2.99792943104789</rotation>
			<frame>9</frame>
		</part>
	</frame>
	<frame>
		<part>
			<location>body.rightArm</location>
			<rotation>-10.6101250582568</rotation>
			<frame>5</frame>
		</part>
		<part>
			<location>body.leftArm</location>
			<rotation>2.53724048960328</rotation>
			<frame>5</frame>
		</part>
		<part>
			<location>body.rightLeg</location>
			<rotation>7.41691373799455</rotation>
			<frame>1</frame>
		</part>
		<part>
			<location>body.rightLeg.foot</location>
			<rotation>-6.16928997547114</rotation>
			<frame>13</frame>
		</part>
		<part>
			<location>body.leftLeg</location>
			<rotation>-8.07023219662507</rotation>
			<frame>9</frame>
		</part>
		<part>
			<location>body.leftLeg.foot</location>
			<rotation>-5.83504973500067</rotation>
			<frame>13</frame>
		</part>
	</frame>
	<frame>
		<part>
			<location>body.rightArm</location>
			<rotation>-13.6030877688532</rotation>
			<frame>5</frame>
		</part>
		<part>
			<location>body.leftArm</location>
			<rotation>9.35393592013855</rotation>
			<frame>5</frame>
		</part>
		<part>
			<location>body.rightLeg</location>
			<rotation>12.4440507183987</rotation>
			<frame>1</frame>
		</part>
		<part>
			<location>body.rightLeg.foot</location>
			<rotation>-12.030071055847</rotation>
			<frame>13</frame>
		</part>
		<part>
			<location>body.leftLeg</location>
			<rotation>-14.5344550977711</rotation>
			<frame>9</frame>
		</part>
		<part>
			<location>body.leftLeg.foot</location>
			<rotation>-1.80635055019408</rotation>
			<frame>13</frame>
		</part>
	</frame>
	<frame>
		<part>
			<location>body.rightArm</location>
			<rotation>-20.0293816976499</rotation>
			<frame>5</frame>
		</part>
		<part>
			<location>body.leftArm</location>
			<rotation>15.498633013734</rotation>
			<frame>5</frame>
		</part>
		<part>
			<location>body.rightLeg</location>
			<rotation>17.1597396927527</rotation>
			<frame>1</frame>
		</part>
		<part>
			<location>body.rightLeg.foot</location>
			<rotation>-18.2705989959997</rotation>
			<frame>13</frame>
		</part>
		<part>
			<location>body.leftLeg</location>
			<rotation>-19.0053629211077</rotation>
			<frame>1</frame>
		</part>
		<part>
			<location>body.leftLeg.foot</location>
			<rotation>1.9608153455718</rotation>
			<frame>13</frame>
		</part>
		<part>
			<location>body.head</location>
			<rotation>6.40435274547167</rotation>
			<frame>3</frame>
		</part>
	</frame>
	<frame>
		<part>
			<location>body.rightArm</location>
			<rotation>-23.2037817746509</rotation>
			<frame>5</frame>
		</part>
		<part>
			<location>body.leftArm</location>
			<rotation>15.9342009630113</rotation>
			<frame>5</frame>
		</part>
		<part>
			<location>body.rightLeg</location>
			<rotation>21.4577792040296</rotation>
			<frame>1</frame>
		</part>
		<part>
			<location>body.rightLeg.foot</location>
			<rotation>-22.9328810250994</rotation>
			<frame>13</frame>
		</part>
		<part>
			<location>body.leftLeg</location>
			<rotation>-20.7045156249611</rotation>
			<frame>1</frame>
		</part>
		<part>
			<location>body.leftLeg.foot</location>
			<rotation>11.9350505370039</rotation>
			<frame>13</frame>
		</part>
	</frame>
	<frame>
		<part>
			<location>body.rightArm</location>
			<rotation>-22.8961462600749</rotation>
			<frame>5</frame>
		</part>
		<part>
			<location>body.leftArm</location>
			<rotation>17.6962746731061</rotation>
			<frame>5</frame>
		</part>
		<part>
			<location>body.rightLeg</location>
			<rotation>26.8655816817801</rotation>
			<frame>1</frame>
		</part>
		<part>
			<location>body.rightLeg.foot</location>
			<rotation>-25.8239549854583</rotation>
			<frame>13</frame>
		</part>
		<part>
			<location>body.leftLeg</location>
			<rotation>-26.3727255255987</rotation>
			<frame>1</frame>
		</part>
		<part>
			<location>body.leftLeg.foot</location>
			<rotation>23.4351240769482</rotation>
			<frame>13</frame>
		</part>
	</frame>
</E_Walk>
