<N_Idle>
	<frame>
		<part>
			<location>body</location>
			<rotation>0</rotation>
			<frame>5</frame>
		</part>
		<part>
			<location>body.rightLeg</location>
			<rotation>0.709896820104177</rotation>
			<frame>4</frame>
		</part>
		<part>
			<location>body.leftLeg</location>
			<rotation>1.44972055284114</rotation>
			<frame>2</frame>
		</part>
		<part>
			<location>body.rightLeg.foot</location>
			<rotation>-1.7840668387812</rotation>
			<frame>16</frame>
		</part>
		<part>
			<location>body.leftLeg.foot</location>
			<rotation>-2.3716420508191</rotation>
			<frame>14</frame>
		</part>
		<part>
			<location>body.leftArm</location>
			<rotation>-0.512965056630449</rotation>
			<frame>6</frame>
		</part>
		<part>
			<location>body.rightArm</location>
			<rotation>-2.11961655569708</rotation>
			<frame>8</frame>
		</part>
		<part>
			<location>body.head</location>
			<rotation>-0.665133313125565</rotation>
			<frame>5</frame>
		</part>
	</frame>
	<frame>
	</frame>
	<frame>
	</frame>
	<frame>
	</frame>
	<frame>
		<part>
			<location>body.leftArm</location>
			<rotation>-1.14437610548337</rotation>
			<frame>6</frame>
		</part>
	</frame>
	<frame>
	</frame>
	<frame>
	</frame>
	<frame>
		<part>
			<location>body.rightArm</location>
			<rotation>-2.06206869784339</rotation>
			<frame>8</frame>
		</part>
	</frame>
	<frame>
	</frame>
	<frame>
		<part>
			<location>body.rightArm</location>
			<rotation>-2.87814962908283</rotation>
			<frame>8</frame>
		</part>
	</frame>
	<frame>
		<part>
			<location>body.leftArm</location>
			<rotation>0.272464309442682</rotation>
			<frame>6</frame>
		</part>
	</frame>
	<frame>
	</frame>
	<frame>
	</frame>
	<frame>
	</frame>
	<frame>
		<part>
			<location>body.rightArm</location>
			<rotation>-3.00198555978635</rotation>
			<frame>8</frame>
		</part>
	</frame>
</N_Idle>
