<N_Item>
	<frame>
		<part>
			<location>body</location>
			<rotation>0</rotation>
			<frame>5</frame>
		</part>
		<part>
			<location>body.leftArm</location>
			<rotation>-36.1877041406289</rotation>
			<frame>6</frame>
		</part>
		<part>
			<location>body.rightArm</location>
			<rotation>11.8114523138065</rotation>
			<frame>16</frame>
		</part>
		<part>
			<location>body.rightArm.hand</location>
			<rotation>13.2692347676102</rotation>
			<frame>2</frame>
		</part>
		<part>
			<location>body.rightLeg</location>
			<rotation>0.689788400638804</rotation>
			<frame>4</frame>
		</part>
		<part>
			<location>body.leftLeg</location>
			<rotation>-0.877296918778782</rotation>
			<frame>2</frame>
		</part>
		<part>
			<location>body.rightLeg.foot</location>
			<rotation>1.24514392902182</rotation>
			<frame>16</frame>
		</part>
		<part>
			<location>body.leftLeg.foot</location>
			<rotation>0.804770633801041</rotation>
			<frame>14</frame>
		</part>
		<part>
			<location>body.head</location>
			<rotation>14.8862668661683</rotation>
			<frame>4</frame>
		</part>
	</frame>
</N_Item>
