<N_Shoot>
	<frame>
		<part>
			<location>body</location>
			<rotation>0</rotation>
			<frame>5</frame>
		</part>
		<part>
			<location>body.rightLeg</location>
			<rotation>3.31717400332468</rotation>
			<frame>4</frame>
		</part>
		<part>
			<location>body.leftLeg</location>
			<rotation>-3.26720043532058</rotation>
			<frame>2</frame>
		</part>
		<part>
			<location>body.rightLeg.foot</location>
			<rotation>-4.22323612042067</rotation>
			<frame>16</frame>
		</part>
		<part>
			<location>body.leftLeg.foot</location>
			<rotation>1.90973457055026</rotation>
			<frame>14</frame>
		</part>
		<part>
			<location>body.leftArm</location>
			<rotation>0.859372263998125</rotation>
			<frame>6</frame>
		</part>
		<part>
			<location>body.rightArm</location>
			<rotation>-0.0403207594952448</rotation>
			<frame>8</frame>
		</part>
		<part>
			<location>body.head</location>
			<rotation>-1.95568141762597</rotation>
			<frame>5</frame>
		</part>
	</frame>
	<frame>
		<part>
			<location>body.rightArm</location>
			<rotation>-3.41068295214411</rotation>
			<frame>8</frame>
		</part>
	</frame>
	<frame>
		<part>
			<location>body.rightArm</location>
			<rotation>-3.41068295214411</rotation>
			<frame>8</frame>
		</part>
	</frame>
	<frame>
		<part>
			<location>body.rightArm</location>
			<rotation>-3.55271092361635</rotation>
			<frame>16</frame>
		</part>
		<part>
			<location>body.rightArm.hand</location>
			<rotation>5.74905786116805</rotation>
			<frame>1</frame>
		</part>
		<part>
			<location>body.leftArm</location>
			<rotation>1.71835802181278</rotation>
			<frame>6</frame>
		</part>
	</frame>
	<frame>
		<part>
			<location>body.rightArm</location>
			<rotation>-6.97005403065276</rotation>
			<frame>16</frame>
		</part>
		<part>
			<location>body.rightLeg</location>
			<rotation>5.28422852051847</rotation>
			<frame>4</frame>
		</part>
		<part>
			<location>body.rightLeg.foot</location>
			<rotation>-4.45718151754778</rotation>
			<frame>16</frame>
		</part>
	</frame>
	<frame>
		<part>
			<location>body.rightArm</location>
			<rotation>-12.1162941616344</rotation>
			<frame>24</frame>
		</part>
		<part>
			<location>body.rightArm.hand</location>
			<rotation>12.7046768821545</rotation>
			<frame>1</frame>
		</part>
		<part>
			<location>body.leftArm</location>
			<rotation>2.67855127538132</rotation>
			<frame>6</frame>
		</part>
		<part>
			<location>body.head</location>
			<rotation>0.85191908526042</rotation>
			<frame>5</frame>
		</part>
	</frame>
	<frame>
		<part>
			<location>body.rightArm</location>
			<rotation>-18.7560587330493</rotation>
			<frame>24</frame>
		</part>
		<part>
			<location>body.rightArm.hand</location>
			<rotation>20.2248594676494</rotation>
			<frame>1</frame>
		</part>
		<part>
			<location>body.rightLeg</location>
			<rotation>7.04532134211007</rotation>
			<frame>4</frame>
		</part>
		<part>
			<location>body.rightLeg.foot</location>
			<rotation>-7.98927287312355</rotation>
			<frame>16</frame>
		</part>
	</frame>
	<frame>
		<part>
			<location>body.rightArm</location>
			<rotation>-10.7937682623405</rotation>
			<frame>24</frame>
		</part>
		<part>
			<location>body.rightArm.hand</location>
			<rotation>11.9086651724832</rotation>
			<frame>1</frame>
		</part>
		<part>
			<location>body.leftArm</location>
			<rotation>4.32984781187565</rotation>
			<frame>6</frame>
		</part>
	</frame>
	<frame>
		<part>
			<location>body.rightArm</location>
			<rotation>-10.1728505195572</rotation>
			<frame>24</frame>
		</part>
	</frame>
	<frame>
		<part>
			<location>body.rightArm</location>
			<rotation>-8.22557251931821</rotation>
			<frame>24</frame>
		</part>
	</frame>
	<frame>
		<part>
			<location>body.rightArm</location>
			<rotation>-8.63989338593107</rotation>
			<frame>16</frame>
		</part>
		<part>
			<location>body.rightArm.hand</location>
			<rotation>9.88188376062025</rotation>
			<frame>1</frame>
		</part>
		<part>
			<location>body.leftArm</location>
			<rotation>2.15113351987281</rotation>
			<frame>6</frame>
		</part>
		<part>
			<location>body.rightLeg</location>
			<rotation>5.28422852051847</rotation>
			<frame>4</frame>
		</part>
		<part>
			<location>body.rightLeg.foot</location>
			<rotation>-6.12227193045004</rotation>
			<frame>16</frame>
		</part>
	</frame>
	<frame>
		<part>
			<location>body.rightArm</location>
			<rotation>-5.45897868392403</rotation>
			<frame>16</frame>
		</part>
	</frame>
	<frame>
		<part>
			<location>body.rightArm</location>
			<rotation>-2.54220044070911</rotation>
			<frame>8</frame>
		</part>
		<part>
			<location>body.leftArm</location>
			<rotation>0.400103708902009</rotation>
			<frame>6</frame>
		</part>
		<part>
			<location>body.rightLeg</location>
			<rotation>4.10878415925907</rotation>
			<frame>4</frame>
		</part>
		<part>
			<location>body.rightLeg.foot</location>
			<rotation>-4.17658980436759</rotation>
			<frame>16</frame>
		</part>
	</frame>
	<frame>
		<part>
			<location>body.rightArm</location>
			<rotation>-1.64641737647753</rotation>
			<frame>8</frame>
		</part>
	</frame>
</N_Shoot>
