<N_Use>
	<frame>
		<part>
			<location>body</location>
			<rotation>0</rotation>
			<frame>5</frame>
		</part>
		<part>
			<location>body.rightLeg</location>
			<rotation>0.680155396169823</rotation>
			<frame>4</frame>
		</part>
		<part>
			<location>body.leftLeg</location>
			<rotation>-2.60715810986589</rotation>
			<frame>2</frame>
		</part>
		<part>
			<location>body.rightLeg.foot</location>
			<rotation>-0.33079519619713</rotation>
			<frame>16</frame>
		</part>
		<part>
			<location>body.leftLeg.foot</location>
			<rotation>-0.170406389414268</rotation>
			<frame>14</frame>
		</part>
	</frame>
	<frame>
		<part>
			<location>body.leftArm</location>
			<rotation>2.25797602419664</rotation>
			<frame>14</frame>
		</part>
	</frame>
	<frame>
		<part>
			<location>body.leftArm</location>
			<rotation>4.39154608687352</rotation>
			<frame>22</frame>
		</part>
		<part>
			<location>body.leftArm.hand</location>
			<rotation>-68.2993516862575</rotation>
			<frame>1</frame>
		</part>
	</frame>
	<frame>
	</frame>
	<frame>
	</frame>
	<frame>
	</frame>
	<frame>
	</frame>
	<frame>
		<part>
			<location>body.leftArm</location>
			<rotation>-3.64492639129244</rotation>
			<frame>14</frame>
		</part>
	</frame>
	<frame>
		<part>
			<location>body.leftArm</location>
			<rotation>-7.92432057091028</rotation>
			<frame>14</frame>
		</part>
	</frame>
	<frame>
		<part>
			<location>body.leftArm</location>
			<rotation>-4.51189567213353</rotation>
			<frame>6</frame>
		</part>
	</frame>
</N_Use>
