<N_Walk>
	<frame>
		<part>
			<location>body</location>
			<rotation>0</rotation>
			<frame>5</frame>
		</part>
		<part>
			<location>body.leftLeg</location>
			<rotation>-2.6667313685837</rotation>
			<frame>2</frame>
		</part>
		<part>
			<location>body.leftLeg.foot</location>
			<rotation>2.99280445131433</rotation>
			<frame>14</frame>
		</part>
		<part>
			<location>body.leftArm</location>
			<rotation>17.7094860444626</rotation>
			<frame>6</frame>
		</part>
		<part>
			<location>body.rightArm</location>
			<rotation>0.330912559367562</rotation>
			<frame>16</frame>
		</part>
		<part>
			<location>body.rightLeg</location>
			<rotation>9.32359179655884</rotation>
			<frame>12</frame>
		</part>
		<part>
			<location>body.rightLeg.foot</location>
			<rotation>-15.4914371510632</rotation>
			<frame>16</frame>
		</part>
		<part>
			<location>body.leftArm.hand</location>
			<rotation>42.4222714685197</rotation>
			<frame>2</frame>
		</part>
		<part>
			<location>body.rightArm.hand</location>
			<rotation>0</rotation>
			<frame>8</frame>
		</part>
		<part>
			<location>body.head</location>
			<rotation>-1.51292480054292</rotation>
			<frame>5</frame>
		</part>
	</frame>
	<frame>
		<part>
			<location>body.leftArm</location>
			<rotation>15.8290702056621</rotation>
			<frame>6</frame>
		</part>
		<part>
			<location>body.rightArm</location>
			<rotation>-2.9399329532952</rotation>
			<frame>16</frame>
		</part>
		<part>
			<location>body.rightLeg</location>
			<rotation>11.3921358495012</rotation>
			<frame>12</frame>
		</part>
		<part>
			<location>body.leftLeg</location>
			<rotation>-4.14288106466826</rotation>
			<frame>2</frame>
		</part>
	</frame>
	<frame>
		<part>
			<location>body.leftArm</location>
			<rotation>11.4503248098438</rotation>
			<frame>6</frame>
		</part>
		<part>
			<location>body.leftArm.hand</location>
			<rotation>42.4222714685197</rotation>
			<frame>2</frame>
		</part>
		<part>
			<location>body.rightArm</location>
			<rotation>-6.44160011841389</rotation>
			<frame>16</frame>
		</part>
		<part>
			<location>body.rightLeg</location>
			<rotation>14.70066074299</rotation>
			<frame>12</frame>
		</part>
		<part>
			<location>body.leftLeg.foot</location>
			<rotation>-12.6028694903779</rotation>
			<frame>14</frame>
		</part>
	</frame>
	<frame>
		<part>
			<location>body.leftArm</location>
			<rotation>10.0220677907768</rotation>
			<frame>6</frame>
		</part>
		<part>
			<location>body.rightArm</location>
			<rotation>-9.64584427495919</rotation>
			<frame>16</frame>
		</part>
		<part>
			<location>body.rightLeg</location>
			<rotation>15.8519281712171</rotation>
			<frame>12</frame>
		</part>
		<part>
			<location>body.leftLeg</location>
			<rotation>-6.68578116461424</rotation>
			<frame>2</frame>
		</part>
	</frame>
	<frame>
		<part>
			<location>body.leftArm</location>
			<rotation>7.50425479762782</rotation>
			<frame>6</frame>
		</part>
		<part>
			<location>body.rightArm</location>
			<rotation>-7.99410043889176</rotation>
			<frame>8</frame>
		</part>
		<part>
			<location>body.rightArm.hand</location>
			<rotation>0</rotation>
			<frame>2</frame>
		</part>
		<part>
			<location>body.rightLeg</location>
			<rotation>17.4348747113681</rotation>
			<frame>4</frame>
		</part>
		<part>
			<location>body.leftLeg</location>
			<rotation>-15.2387109944846</rotation>
			<frame>10</frame>
		</part>
		<part>
			<location>body.rightLeg.foot</location>
			<rotation>-16.0811219212218</rotation>
			<frame>16</frame>
		</part>
		<part>
			<location>body.leftLeg.foot</location>
			<rotation>-5.94561786627418</rotation>
			<frame>14</frame>
		</part>
		<part>
			<location>body.head</location>
			<rotation>-0.738729879083294</rotation>
			<frame>5</frame>
		</part>
	</frame>
	<frame>
		<part>
			<location>body.leftArm</location>
			<rotation>6.52202754103388</rotation>
			<frame>6</frame>
		</part>
		<part>
			<location>body.rightArm</location>
			<rotation>-9.2025969904701</rotation>
			<frame>8</frame>
		</part>
		<part>
			<location>body.rightLeg</location>
			<rotation>15.0573204972768</rotation>
			<frame>4</frame>
		</part>
		<part>
			<location>body.leftLeg</location>
			<rotation>-18.1017356352904</rotation>
			<frame>10</frame>
		</part>
	</frame>
	<frame>
		<part>
			<location>body.leftArm</location>
			<rotation>5.83949233073378</rotation>
			<frame>14</frame>
		</part>
		<part>
			<location>body.rightArm.hand</location>
			<rotation>-15.7565334187378</rotation>
			<frame>8</frame>
		</part>
		<part>
			<location>body.rightArm</location>
			<rotation>-10.1190538896063</rotation>
			<frame>8</frame>
		</part>
		<part>
			<location>body.rightLeg</location>
			<rotation>12.61470838137</rotation>
			<frame>4</frame>
		</part>
		<part>
			<location>body.leftLeg</location>
			<rotation>-20.5820946901121</rotation>
			<frame>18</frame>
		</part>
		<part>
			<location>body.rightLeg.foot</location>
			<rotation>-12.6888296794583</rotation>
			<frame>16</frame>
		</part>
		<part>
			<location>body.leftLeg.foot</location>
			<rotation>0</rotation>
			<frame>6</frame>
		</part>
	</frame>
	<frame>
		<part>
			<location>body.leftArm</location>
			<rotation>3.271880171676</rotation>
			<frame>14</frame>
		</part>
		<part>
			<location>body.leftArm.hand</location>
			<rotation>-36.6023944947843</rotation>
			<frame>8</frame>
		</part>
		<part>
			<location>body.rightArm</location>
			<rotation>-11.6840019071997</rotation>
			<frame>8</frame>
		</part>
		<part>
			<location>body.rightLeg</location>
			<rotation>12.0047755755297</rotation>
			<frame>4</frame>
		</part>
		<part>
			<location>body.leftLeg</location>
			<rotation>-19.1236457035174</rotation>
			<frame>18</frame>
		</part>
	</frame>
	<frame>
		<part>
			<location>body.leftArm</location>
			<rotation>3.51099913654497</rotation>
			<frame>14</frame>
		</part>
		<part>
			<location>body.leftArm.hand</location>
			<rotation>-47.7471006860642</rotation>
			<frame>8</frame>
		</part>
		<part>
			<location>body.rightArm</location>
			<rotation>-11.6840019071997</rotation>
			<frame>8</frame>
		</part>
		<part>
			<location>body.rightLeg</location>
			<rotation>9.99897529683489</rotation>
			<frame>4</frame>
		</part>
		<part>
			<location>body.leftLeg</location>
			<rotation>-17.0915754371713</rotation>
			<frame>10</frame>
		</part>
		<part>
			<location>body.rightLeg.foot</location>
			<rotation>-10.858347560833</rotation>
			<frame>16</frame>
		</part>
		<part>
			<location>body.leftLeg.foot</location>
			<rotation>0</rotation>
			<frame>6</frame>
		</part>
	</frame>
	<frame>
		<part>
			<location>body.leftArm</location>
			<rotation>0.374127591667218</rotation>
			<frame>14</frame>
		</part>
		<part>
			<location>body.rightArm</location>
			<rotation>-12.6333619529401</rotation>
			<frame>8</frame>
		</part>
		<part>
			<location>body.rightLeg</location>
			<rotation>7.90273936191068</rotation>
			<frame>4</frame>
		</part>
		<part>
			<location>body.leftLeg</location>
			<rotation>-14.8709573730122</rotation>
			<frame>10</frame>
		</part>
	</frame>
	<frame>
		<part>
			<location>body.leftArm</location>
			<rotation>-3.96948471181834</rotation>
			<frame>14</frame>
		</part>
		<part>
			<location>body.rightLeg</location>
			<rotation>6.81821459064474</rotation>
			<frame>4</frame>
		</part>
		<part>
			<location>body.leftLeg</location>
			<rotation>-14.6534575149228</rotation>
			<frame>10</frame>
		</part>
		<part>
			<location>body.rightLeg.foot</location>
			<rotation>-7.80597501060868</rotation>
			<frame>16</frame>
		</part>
	</frame>
	<frame>
		<part>
			<location>body.leftArm</location>
			<rotation>-5.14937327753888</rotation>
			<frame>14</frame>
		</part>
		<part>
			<location>body.rightArm</location>
			<rotation>-13.9980463045968</rotation>
			<frame>8</frame>
		</part>
		<part>
			<location>body.rightLeg</location>
			<rotation>6.04952632316991</rotation>
			<frame>4</frame>
		</part>
		<part>
			<location>body.leftLeg</location>
			<rotation>-12.4924755950583</rotation>
			<frame>10</frame>
		</part>
	</frame>
	<frame>
		<part>
			<location>body.rightArm</location>
			<rotation>-17.2910919217627</rotation>
			<frame>8</frame>
		</part>
		<part>
			<location>body.leftArm</location>
			<rotation>2.33629254781982</rotation>
			<frame>14</frame>
		</part>
		<part>
			<location>body.leftArm.hand</location>
			<rotation>-50.2424473153186</rotation>
			<frame>8</frame>
		</part>
		<part>
			<location>body.rightLeg</location>
			<rotation>6.60764937393594</rotation>
			<frame>4</frame>
		</part>
		<part>
			<location>body.rightLeg.foot</location>
			<rotation>-4.17267032139273</rotation>
			<frame>16</frame>
		</part>
		<part>
			<location>body.leftLeg</location>
			<rotation>-0.182470039007015</rotation>
			<frame>10</frame>
		</part>
		<part>
			<location>body.leftLeg.foot</location>
			<rotation>-1.38903645724309</rotation>
			<frame>14</frame>
		</part>
	</frame>
	<frame>
		<part>
			<location>body.leftArm</location>
			<rotation>5.5962823309045</rotation>
			<frame>14</frame>
		</part>
		<part>
			<location>body.rightArm</location>
			<rotation>-16.4875426770526</rotation>
			<frame>8</frame>
		</part>
		<part>
			<location>body.leftLeg</location>
			<rotation>-4.73524700887019</rotation>
			<frame>10</frame>
		</part>
		<part>
			<location>body.rightLeg</location>
			<rotation>10.13574974378</rotation>
			<frame>4</frame>
		</part>
		<part>
			<location>body.leftLeg.foot</location>
			<rotation>1.57906349578035</rotation>
			<frame>14</frame>
		</part>
	</frame>
	<frame>
		<part>
			<location>body.leftArm</location>
			<rotation>8.20934959686554</rotation>
			<frame>14</frame>
		</part>
		<part>
			<location>body.rightArm</location>
			<rotation>-15.1702780424973</rotation>
			<frame>8</frame>
		</part>
		<part>
			<location>body.leftLeg</location>
			<rotation>-6.67793139544712</rotation>
			<frame>10</frame>
		</part>
		<part>
			<location>body.rightLeg</location>
			<rotation>14.5460487397618</rotation>
			<frame>4</frame>
		</part>
		<part>
			<location>body.leftLeg.foot</location>
			<rotation>3.38223532775729</rotation>
			<frame>14</frame>
		</part>
		<part>
			<location>body.head</location>
			<rotation>-2.45943042052394</rotation>
			<frame>5</frame>
		</part>
	</frame>
	<frame>
		<part>
			<location>body.leftArm</location>
			<rotation>8.96703298121361</rotation>
			<frame>14</frame>
		</part>
		<part>
			<location>body.rightArm</location>
			<rotation>-12.9946168094991</rotation>
			<frame>8</frame>
		</part>
		<part>
			<location>body.leftLeg</location>
			<rotation>-8.57240067328216</rotation>
			<frame>10</frame>
		</part>
		<part>
			<location>body.rightLeg</location>
			<rotation>17.2355115509941</rotation>
			<frame>12</frame>
		</part>
		<part>
			<location>body.leftLeg.foot</location>
			<rotation>6.57544885896795</rotation>
			<frame>14</frame>
		</part>
		<part>
			<location>body.rightLeg.foot</location>
			<rotation>-9.54878985073123</rotation>
			<frame>16</frame>
		</part>
	</frame>
	<frame>
		<part>
			<location>body.leftArm</location>
			<rotation>10.0266206756256</rotation>
			<frame>14</frame>
		</part>
		<part>
			<location>body.rightArm</location>
			<rotation>-11.213529140167</rotation>
			<frame>8</frame>
		</part>
		<part>
			<location>body.leftLeg</location>
			<rotation>-9.36768111741139</rotation>
			<frame>10</frame>
		</part>
		<part>
			<location>body.rightLeg</location>
			<rotation>22.2975065700297</rotation>
			<frame>12</frame>
		</part>
		<part>
			<location>body.leftLeg.foot</location>
			<rotation>10.1758752049588</rotation>
			<frame>14</frame>
		</part>
	</frame>
	<frame>
		<part>
			<location>body.leftArm</location>
			<rotation>10.3711749749605</rotation>
			<frame>6</frame>
		</part>
		<part>
			<location>body.leftArm.hand</location>
			<rotation>0</rotation>
			<frame>8</frame>
		</part>
		<part>
			<location>body.rightArm</location>
			<rotation>-9.33066855301753</rotation>
			<frame>8</frame>
		</part>
		<part>
			<location>body.leftLeg</location>
			<rotation>-11.9901526361677</rotation>
			<frame>2</frame>
		</part>
		<part>
			<location>body.rightLeg</location>
			<rotation>26.4957697507214</rotation>
			<frame>12</frame>
		</part>
		<part>
			<location>body.leftLeg.foot</location>
			<rotation>10.4441929366917</rotation>
			<frame>14</frame>
		</part>
	</frame>
	<frame>
		<part>
			<location>body.leftArm</location>
			<rotation>11.9441772062688</rotation>
			<frame>6</frame>
		</part>
		<part>
			<location>body.rightArm</location>
			<rotation>-8.42116869800211</rotation>
			<frame>8</frame>
		</part>
		<part>
			<location>body.rightLeg</location>
			<rotation>-10.439526408464</rotation>
			<frame>2</frame>
		</part>
		<part>
			<location>body.rightLeg</location>
			<rotation>36.1469608897028</rotation>
			<frame>20</frame>
		</part>
		<part>
			<location>body.rightLeg.foot</location>
			<rotation>-24.0961759884951</rotation>
			<frame>8</frame>
		</part>
	</frame>
	<frame>
		<part>
			<location>body.leftArm</location>
			<rotation>12.573017424471</rotation>
			<frame>6</frame>
		</part>
		<part>
			<location>body.rightArm</location>
			<rotation>-9.46232222641474</rotation>
			<frame>16</frame>
		</part>
		<part>
			<location>body.rightArm.hand</location>
			<rotation>38.7443457533785</rotation>
			<frame>2</frame>
		</part>
		<part>
			<location>body.leftLeg</location>
			<rotation>-9.52674290929774</rotation>
			<frame>2</frame>
		</part>
		<part>
			<location>body.rightLeg</location>
			<rotation>27.3498757943748</rotation>
			<frame>20</frame>
		</part>
		<part>
			<location>body.leftLeg.foot</location>
			<rotation>8.23343237446002</rotation>
			<frame>14</frame>
		</part>
	</frame>
	<frame>
		<part>
			<location>body.leftArm</location>
			<rotation>14.3548820049417</rotation>
			<frame>6</frame>
		</part>
		<part>
			<location>body.rightArm</location>
			<rotation>-7.1518276805611</rotation>
			<frame>16</frame>
		</part>
		<part>
			<location>body.leftLeg</location>
			<rotation>-7.29356204041949</rotation>
			<frame>2</frame>
		</part>
		<part>
			<location>body.rightLeg</location>
			<rotation>20.3429021888961</rotation>
			<frame>20</frame>
		</part>
		<part>
			<location>body.leftLeg.foot</location>
			<rotation>6.19747547967079</rotation>
			<frame>14</frame>
		</part>
		<part>
			<location>body.rightLeg.foot</location>
			<rotation>-23.3521765742185</rotation>
			<frame>8</frame>
		</part>
	</frame>
	<frame>
		<part>
			<location>body.leftArm</location>
			<rotation>16.4844532063215</rotation>
			<frame>6</frame>
		</part>
		<part>
			<location>body.rightArm</location>
			<rotation>-3.75593434676566</rotation>
			<frame>16</frame>
		</part>
		<part>
			<location>body.leftLeg</location>
			<rotation>-4.8754253810048</rotation>
			<frame>2</frame>
		</part>
		<part>
			<location>body.rightLeg</location>
			<rotation>14.8756820187919</rotation>
			<frame>20</frame>
		</part>
		<part>
			<location>body.leftLeg.foot</location>
			<rotation>5.04468865951806</rotation>
			<frame>14</frame>
		</part>
		<part>
			<location>body.rightLeg.foot</location>
			<rotation>-22.8752162367824</rotation>
			<frame>16</frame>
		</part>
	</frame>
	<frame>
		<part>
			<location>body.leftArm</location>
			<rotation>19.4684272004864</rotation>
			<frame>6</frame>
		</part>
		<part>
			<location>body.rightArm</location>
			<rotation>-0.694784184912223</rotation>
			<frame>16</frame>
		</part>
		<part>
			<location>body.leftLeg</location>
			<rotation>-2.5729012268844</rotation>
			<frame>2</frame>
		</part>
		<part>
			<location>body.rightLeg</location>
			<rotation>15.8140842008288</rotation>
			<frame>12</frame>
		</part>
		<part>
			<location>body.leftLeg.foot</location>
			<rotation>1.28737716924394</rotation>
			<frame>14</frame>
		</part>
		<part>
			<location>body.rightLeg.foot</location>
			<rotation>-9.25633424273258</rotation>
			<frame>16</frame>
		</part>
	</frame>
	<frame>
		<part>
			<location>body.leftArm</location>
			<rotation>19.940131405541</rotation>
			<frame>6</frame>
		</part>
		<part>
			<location>body.rightArm</location>
			<rotation>4.72758111893035</rotation>
			<frame>16</frame>
		</part>
		<part>
			<location>body.leftLeg</location>
			<rotation>-0.939860739634355</rotation>
			<frame>2</frame>
		</part>
		<part>
			<location>body.rightLeg</location>
			<rotation>11.1765833623167</rotation>
			<frame>12</frame>
		</part>
		<part>
			<location>body.leftLeg.foot</location>
			<rotation>0.939860760184047</rotation>
			<frame>14</frame>
		</part>
	</frame>
</N_Walk>
