<NE_Item>
	<frame>
		<part>
			<location>body.rightArm</location>
			<rotation>-5.38833053595887</rotation>
			<frame>14</frame>
		</part>
		<part>
			<location>body.rightArm.hand</location>
			<rotation>-25.9846746175359</rotation>
			<frame>1</frame>
		</part>
		<part>
			<location>body.leftArm</location>
			<rotation>-41.88769140178</rotation>
			<frame>6</frame>
		</part>
		<part>
			<location>body.leftLeg</location>
			<rotation>6.43416120133281</rotation>
			<frame>2</frame>
		</part>
		<part>
			<location>body.rightLeg</location>
			<rotation>-7.28458808033186</rotation>
			<frame>1</frame>
		</part>
		<part>
			<location>body.leftLeg.foot</location>
			<rotation>-5.8676959425502</rotation>
			<frame>14</frame>
		</part>
		<part>
			<location>body.rightLeg.foot</location>
			<rotation>5.59153188680406</rotation>
			<frame>13</frame>
		</part>
		<part>
			<location>body.head</location>
			<rotation>10.2973987059701</rotation>
			<frame>4</frame>
		</part>
	</frame>
</NE_Item>
