<NE_Idle>
	<frame>
		<part>
			<location>body</location>
			<rotation>0</rotation>
			<frame>4</frame>
		</part>
		<part>
			<location>body.leftArm</location>
			<rotation>-0.920174341813407</rotation>
			<frame>6</frame>
		</part>
		<part>
			<location>body.rightArm</location>
			<rotation>-0.119200499405679</rotation>
			<frame>6</frame>
		</part>
		<part>
			<location>body.leftLeg</location>
			<rotation>-0.516522181038411</rotation>
			<frame>1</frame>
		</part>
		<part>
			<location>body.rightLeg</location>
			<rotation>1.87984310721174</rotation>
			<frame>2</frame>
		</part>
		<part>
			<location>body.leftLeg.foot</location>
			<rotation>0.645276545531786</rotation>
			<frame>13</frame>
		</part>
		<part>
			<location>body.rightLeg.foot</location>
			<rotation>-3.23053357369152</rotation>
			<frame>14</frame>
		</part>
		<part>
			<location>body.head</location>
			<rotation>-0.665133313125565</rotation>
			<frame>4</frame>
		</part>
	</frame>
	<frame>
	</frame>
	<frame>
	</frame>
	<frame>
	</frame>
	<frame>
	</frame>
	<frame>
	</frame>
	<frame>
		<part>
			<location>body.leftArm</location>
			<rotation>-1.71995702214025</rotation>
			<frame>6</frame>
		</part>
	</frame>
	<frame>
	</frame>
	<frame>
	</frame>
	<frame>
		<part>
			<location>body.rightArm</location>
			<rotation>0.684938031920979</rotation>
			<frame>6</frame>
		</part>
	</frame>
	<frame>
	</frame>
	<frame>
	</frame>
	<frame>
	</frame>
	<frame>
	</frame>
	<frame>
		<part>
			<location>body.leftArm</location>
			<rotation>-0.933205683572666</rotation>
			<frame>6</frame>
		</part>
	</frame>
</NE_Idle>
