<NE_Shoot>
	<frame>
		<part>
			<location>body</location>
			<rotation>0</rotation>
			<frame>4</frame>
		</part>
		<part>
			<location>body.leftArm</location>
			<rotation>-0.119200499405679</rotation>
			<frame>6</frame>
		</part>
		<part>
			<location>body.rightArm</location>
			<rotation>-1.71995702214025</rotation>
			<frame>6</frame>
		</part>
		<part>
			<location>body.leftLeg</location>
			<rotation>0.276217203327178</rotation>
			<frame>2</frame>
		</part>
		<part>
			<location>body.rightLeg</location>
			<rotation>-1.27560617355886</rotation>
			<frame>1</frame>
		</part>
		<part>
			<location>body.leftLeg.foot</location>
			<rotation>-0.148893437919241</rotation>
			<frame>14</frame>
		</part>
		<part>
			<location>body.rightLeg.foot</location>
			<rotation>0.024517889491392</rotation>
			<frame>14</frame>
		</part>
		<part>
			<location>body.head</location>
			<rotation>-0.880362332304344</rotation>
			<frame>4</frame>
		</part>
	</frame>
	<frame>
		<part>
			<location>body.rightArm</location>
			<rotation>-13.0798698655689</rotation>
			<frame>6</frame>
		</part>
		<part>
			<location>body.rightArm.hand</location>
			<rotation>14.9909130396967</rotation>
			<frame>1</frame>
		</part>
	</frame>
	<frame>
		<part>
			<location>body.rightArm</location>
			<rotation>-20.0601890211256</rotation>
			<frame>6</frame>
		</part>
		<part>
			<location>body.rightArm.hand</location>
			<rotation>24.4425148136369</rotation>
			<frame>1</frame>
		</part>
	</frame>
	<frame>
		<part>
			<location>body.rightArm</location>
			<rotation>-35.2387757190915</rotation>
			<frame>6</frame>
		</part>
		<part>
			<location>body.leftArm</location>
			<rotation>0.666199990580708</rotation>
			<frame>6</frame>
		</part>
		<part>
			<location>body.leftLeg</location>
			<rotation>1.08016955054194</rotation>
			<frame>2</frame>
		</part>
		<part>
			<location>body.rightArm.hand</location>
			<rotation>36.566585851085</rotation>
			<frame>1</frame>
		</part>
	</frame>
	<frame>
		<part>
			<location>body.rightArm</location>
			<rotation>-56.7737494942173</rotation>
			<frame>6</frame>
		</part>
		<part>
			<location>body.head</location>
			<rotation>-0.0486588449448817</rotation>
			<frame>4</frame>
		</part>
		<part>
			<location>body.rightArm.hand</location>
			<rotation>57.6233345210633</rotation>
			<frame>1</frame>
		</part>
	</frame>
	<frame>
		<part>
			<location>body.rightArm</location>
			<rotation>-69.8958441101332</rotation>
			<frame>6</frame>
		</part>
		<part>
			<location>body.leftArm</location>
			<rotation>2.23269919535568</rotation>
			<frame>6</frame>
		</part>
		<part>
			<location>body.leftLeg</location>
			<rotation>1.8287955865535</rotation>
			<frame>2</frame>
		</part>
		<part>
			<location>body.rightArm.hand</location>
			<rotation>71.606481295045</rotation>
			<frame>1</frame>
		</part>
	</frame>
	<frame>
		<part>
			<location>body.rightArm</location>
			<rotation>-87.1156855405775</rotation>
			<frame>6</frame>
		</part>
		<part>
			<location>body.rightArm.hand</location>
			<rotation>86.1813671973096</rotation>
			<frame>1</frame>
		</part>
	</frame>
	<frame>
		<part>
			<location>body.rightArm</location>
			<rotation>-77.7417479047814</rotation>
			<frame>6</frame>
		</part>
		<part>
			<location>body.leftArm</location>
			<rotation>3.01484445384136</rotation>
			<frame>6</frame>
		</part>
		<part>
			<location>body.rightArm.hand</location>
			<rotation>74.6164668218368</rotation>
			<frame>1</frame>
		</part>
	</frame>
	<frame>
		<part>
			<location>body.rightArm</location>
			<rotation>-74.9182941471203</rotation>
			<frame>6</frame>
		</part>
		<part>
			<location>body.leftLeg</location>
			<rotation>0.268812027090178</rotation>
			<frame>2</frame>
		</part>
	</frame>
	<frame>
		<part>
			<location>body.rightArm</location>
			<rotation>-72.4545489994705</rotation>
			<frame>6</frame>
		</part>
		<part>
			<location>body.leftArm</location>
			<rotation>1.4301643541765</rotation>
			<frame>6</frame>
		</part>
		<part>
			<location>body.rightArm.hand</location>
			<rotation>61.9822479756876</rotation>
			<frame>1</frame>
		</part>
	</frame>
	<frame>
		<part>
			<location>body.rightArm</location>
			<rotation>-61.5235225739226</rotation>
			<frame>6</frame>
		</part>
		<part>
			<location>body.rightArm.hand</location>
			<rotation>53.7771574481049</rotation>
			<frame>1</frame>
		</part>
	</frame>
	<frame>
		<part>
			<location>body.rightArm</location>
			<rotation>-33.470964287553</rotation>
			<frame>6</frame>
		</part>
		<part>
			<location>body.leftArm</location>
			<rotation>-0.120877013155535</rotation>
			<frame>6</frame>
		</part>
		<part>
			<location>body.rightArm.hand</location>
			<rotation>25.4518194704996</rotation>
			<frame>1</frame>
		</part>
	</frame>
	<frame>
		<part>
			<location>body.rightArm</location>
			<rotation>-17.9297445138726</rotation>
			<frame>6</frame>
		</part>
		<part>
			<location>body.rightArm.hand</location>
			<rotation>9.69836415322251</rotation>
			<frame>1</frame>
		</part>
	</frame>
	<frame>
		<part>
			<location>body.rightArm</location>
			<rotation>-8.64336543102017</rotation>
			<frame>6</frame>
		</part>
		<part>
			<location>body.rightArm.hand</location>
			<rotation>3.36344174593732</rotation>
			<frame>1</frame>
		</part>
	</frame>
</NE_Shoot>
