<NE_Use>
	<frame>
		<part>
			<location>body</location>
			<rotation>0</rotation>
			<frame>4</frame>
		</part>
		<part>
			<location>body.leftLeg</location>
			<rotation>1.8287955865535</rotation>
			<frame>2</frame>
		</part>
		<part>
			<location>body.rightLeg</location>
			<rotation>-1.24209234588507</rotation>
			<frame>1</frame>
		</part>
		<part>
			<location>body.leftLeg.foot</location>
			<rotation>-3.01501860352126</rotation>
			<frame>14</frame>
		</part>
		<part>
			<location>body.rightLeg.foot</location>
			<rotation>-0.375241155302533</rotation>
			<frame>14</frame>
		</part>
	</frame>
	<frame>
		<part>
			<location>body.leftArm</location>
			<rotation>-32.0711950227292</rotation>
			<frame>6</frame>
		</part>
	</frame>
	<frame>
		<part>
			<location>body.leftArm</location>
			<rotation>-70.4222887386737</rotation>
			<frame>6</frame>
		</part>
	</frame>
	<frame>
		<part>
			<location>body.leftArm</location>
			<rotation>-80.7332257703611</rotation>
			<frame>6</frame>
		</part>
	</frame>
	<frame>
	</frame>
	<frame>
	</frame>
	<frame>
	</frame>
	<frame>
		<part>
			<location>body</location>
			<rotation>0</rotation>
			<frame>4</frame>
		</part>
		<part>
			<location>body.leftArm</location>
			<rotation>-71.7440200131055</rotation>
			<frame>6</frame>
		</part>
	</frame>
	<frame>
		<part>
			<location>body.leftArm</location>
			<rotation>-33.0355071378688</rotation>
			<frame>6</frame>
		</part>
	</frame>
	<frame>
		<part>
			<location>body.leftArm</location>
			<rotation>1.01811755609657</rotation>
			<frame>6</frame>
		</part>
	</frame>
</NE_Use>
