<NE_Walk>
	<frame>
		<part>
			<location>body</location>
			<rotation>0</rotation>
			<frame>4</frame>
		</part>
		<part>
			<location>body.rightLeg</location>
			<rotation>17.7575567491713</rotation>
			<frame>2</frame>
		</part>
		<part>
			<location>body.leftLeg</location>
			<rotation>-22.5683477171557</rotation>
			<frame>1</frame>
		</part>
		<part>
			<location>body.leftArm</location>
			<rotation>11.4965630355105</rotation>
			<frame>6</frame>
		</part>
		<part>
			<location>body.rightArm</location>
			<rotation>-15.3744295184013</rotation>
			<frame>6</frame>
		</part>
		<part>
			<location>body.rightLeg.foot</location>
			<rotation>-16.5695656763266</rotation>
			<frame>14</frame>
		</part>
		<part>
			<location>body.leftLeg.foot</location>
			<rotation>22.0845588849595</rotation>
			<frame>13</frame>
		</part>
		<part>
			<location>body.leftArm.hand</location>
			<rotation>-4.52489733396061</rotation>
			<frame>4</frame>
		</part>
		<part>
			<location>body.head</location>
			<rotation>0.0222249145086835</rotation>
			<frame>4</frame>
		</part>
	</frame>
	<frame>
		<part>
			<location>body.leftArm</location>
			<rotation>9.48864091059949</rotation>
			<frame>6</frame>
		</part>
		<part>
			<location>body.rightArm</location>
			<rotation>-13.6890005882648</rotation>
			<frame>6</frame>
		</part>
		<part>
			<location>body.leftLeg</location>
			<rotation>-18.5641783872958</rotation>
			<frame>1</frame>
		</part>
		<part>
			<location>body.rightLeg</location>
			<rotation>12.3979956721656</rotation>
			<frame>2</frame>
		</part>
		<part>
			<location>body.leftLeg.foot</location>
			<rotation>16.3894342526327</rotation>
			<frame>13</frame>
		</part>
		<part>
			<location>body.rightLeg.foot</location>
			<rotation>-14.4670300875331</rotation>
			<frame>14</frame>
		</part>
	</frame>
	<frame>
		<part>
			<location>body.leftArm</location>
			<rotation>7.90273936191068</rotation>
			<frame>6</frame>
		</part>
		<part>
			<location>body.rightArm</location>
			<rotation>-13.3014678790812</rotation>
			<frame>6</frame>
		</part>
		<part>
			<location>body.leftLeg</location>
			<rotation>-16.1580346873553</rotation>
			<frame>1</frame>
		</part>
		<part>
			<location>body.rightLeg</location>
			<rotation>10.5625593694824</rotation>
			<frame>10</frame>
		</part>
		<part>
			<location>body.leftLeg.foot</location>
			<rotation>14.1377022879502</rotation>
			<frame>13</frame>
		</part>
		<part>
			<location>body.rightLeg.foot</location>
			<rotation>0</rotation>
			<frame>6</frame>
		</part>
	</frame>
	<frame>
		<part>
			<location>body.leftArm</location>
			<rotation>3.88947816755353</rotation>
			<frame>6</frame>
		</part>
		<part>
			<location>body.rightArm</location>
			<rotation>-11.8285702173303</rotation>
			<frame>6</frame>
		</part>
		<part>
			<location>body.leftLeg</location>
			<rotation>-12.3751314404606</rotation>
			<frame>1</frame>
		</part>
		<part>
			<location>body.rightLeg</location>
			<rotation>2.7683187629172</rotation>
			<frame>10</frame>
		</part>
		<part>
			<location>body.leftLeg.foot</location>
			<rotation>11.0374236400988</rotation>
			<frame>13</frame>
		</part>
		<part>
			<location>body.rightLeg.foot</location>
			<rotation>0.360664227272025</rotation>
			<frame>6</frame>
		</part>
	</frame>
	<frame>
		<part>
			<location>body.leftArm</location>
			<rotation>-0.118379561813029</rotation>
			<frame>6</frame>
		</part>
		<part>
			<location>body.rightArm</location>
			<rotation>-11.2169199446359</rotation>
			<frame>6</frame>
		</part>
		<part>
			<location>body.leftLeg</location>
			<rotation>-8.36359833802945</rotation>
			<frame>1</frame>
		</part>
		<part>
			<location>body.rightLeg</location>
			<rotation>-7.15663655197648</rotation>
			<frame>10</frame>
		</part>
		<part>
			<location>body.leftLeg.foot</location>
			<rotation>6.82636867126907</rotation>
			<frame>13</frame>
		</part>
		<part>
			<location>body.rightLeg.foot</location>
			<rotation>-0.537731059045512</rotation>
			<frame>14</frame>
		</part>
		<part>
			<location>body.head</location>
			<rotation>-1.15087649846026</rotation>
			<frame>4</frame>
		</part>
	</frame>
	<frame>
		<part>
			<location>body.leftArm</location>
			<rotation>-2.55470377414521</rotation>
			<frame>6</frame>
		</part>
		<part>
			<location>body.rightArm</location>
			<rotation>-8.08496982645345</rotation>
			<frame>6</frame>
		</part>
		<part>
			<location>body.leftLeg</location>
			<rotation>-6.89678707122093</rotation>
			<frame>1</frame>
		</part>
		<part>
			<location>body.rightLeg</location>
			<rotation>-13.72229715055</rotation>
			<frame>10</frame>
		</part>
		<part>
			<location>body.leftLeg.foot</location>
			<rotation>5.33121497819634</rotation>
			<frame>13</frame>
		</part>
	</frame>
	<frame>
		<part>
			<location>body.leftArm</location>
			<rotation>-6.73406541950322</rotation>
			<frame>6</frame>
		</part>
		<part>
			<location>body.rightArm</location>
			<rotation>-6.49934629872023</rotation>
			<frame>6</frame>
		</part>
		<part>
			<location>body.leftLeg</location>
			<rotation>-0.531258071670962</rotation>
			<frame>1</frame>
		</part>
		<part>
			<location>body.rightLeg</location>
			<rotation>-15.9453959178317</rotation>
			<frame>10</frame>
		</part>
		<part>
			<location>body.leftLeg.foot</location>
			<rotation>-0.963075539803995</rotation>
			<frame>13</frame>
		</part>
	</frame>
	<frame>
		<part>
			<location>body.leftArm</location>
			<rotation>-9.06137859969914</rotation>
			<frame>6</frame>
		</part>
		<part>
			<location>body.rightArm</location>
			<rotation>-4.14288106466827</rotation>
			<frame>6</frame>
		</part>
		<part>
			<location>body.leftLeg</location>
			<rotation>2.69759516564136</rotation>
			<frame>1</frame>
		</part>
		<part>
			<location>body.rightLeg</location>
			<rotation>-18.4496137428326</rotation>
			<frame>10</frame>
		</part>
		<part>
			<location>body.leftLeg.foot</location>
			<rotation>-3.92879408155191</rotation>
			<frame>13</frame>
		</part>
	</frame>
	<frame>
		<part>
			<location>body.leftArm</location>
			<rotation>-10.6594129629791</rotation>
			<frame>6</frame>
		</part>
		<part>
			<location>body.rightArm</location>
			<rotation>-1.73204501789891</rotation>
			<frame>6</frame>
		</part>
		<part>
			<location>body.leftLeg</location>
			<rotation>5.74163305592316</rotation>
			<frame>1</frame>
		</part>
		<part>
			<location>body.rightLeg</location>
			<rotation>-21.734631234375</rotation>
			<frame>2</frame>
		</part>
		<part>
			<location>body.leftLeg.foot</location>
			<rotation>-6.92806245715232</rotation>
			<frame>13</frame>
		</part>
		<part>
			<location>body.rightLeg.foot</location>
			<rotation>6.76791165323786</rotation>
			<frame>14</frame>
		</part>
	</frame>
	<frame>
		<part>
			<location>body.leftArm</location>
			<rotation>-13.0246743974982</rotation>
			<frame>6</frame>
		</part>
		<part>
			<location>body.rightArm</location>
			<rotation>3.8483568553782</rotation>
			<frame>6</frame>
		</part>
		<part>
			<location>body.leftLeg</location>
			<rotation>7.45207746225282</rotation>
			<frame>1</frame>
		</part>
		<part>
			<location>body.rightLeg</location>
			<rotation>-22.3034949395245</rotation>
			<frame>2</frame>
		</part>
		<part>
			<location>body.leftLeg.foot</location>
			<rotation>-9.01194014132537</rotation>
			<frame>13</frame>
		</part>
		<part>
			<location>body.rightLeg.foot</location>
			<rotation>14.2237846200847</rotation>
			<frame>14</frame>
		</part>
	</frame>
	<frame>
		<part>
			<location>body.leftArm</location>
			<rotation>-16.0021918741493</rotation>
			<frame>6</frame>
		</part>
		<part>
			<location>body.rightArm</location>
			<rotation>9.01150636923018</rotation>
			<frame>6</frame>
		</part>
		<part>
			<location>body.leftLeg</location>
			<rotation>9.95201781943217</rotation>
			<frame>1</frame>
		</part>
		<part>
			<location>body.rightLeg</location>
			<rotation>-23.2037817746509</rotation>
			<frame>2</frame>
		</part>
		<part>
			<location>body.leftLeg.foot</location>
			<rotation>-11.8905196089262</rotation>
			<frame>13</frame>
		</part>
		<part>
			<location>body.rightLeg.foot</location>
			<rotation>22.2545894119227</rotation>
			<frame>14</frame>
		</part>
	</frame>
	<frame>
		<part>
			<location>body.leftArm</location>
			<rotation>-19.0905371790258</rotation>
			<frame>6</frame>
		</part>
		<part>
			<location>body.rightArm</location>
			<rotation>12.0890943374061</rotation>
			<frame>6</frame>
		</part>
		<part>
			<location>body.leftLeg</location>
			<rotation>13.2728669295593</rotation>
			<frame>1</frame>
		</part>
		<part>
			<location>body.rightLeg</location>
			<rotation>-25.995237073376</rotation>
			<frame>2</frame>
		</part>
		<part>
			<location>body.leftLeg.foot</location>
			<rotation>-15.6900310540866</rotation>
			<frame>13</frame>
		</part>
		<part>
			<location>body.rightLeg.foot</location>
			<rotation>26.7354514584071</rotation>
			<frame>14</frame>
		</part>
	</frame>
	<frame>
		<part>
			<location>body.leftArm</location>
			<rotation>-27.0614766553877</rotation>
			<frame>6</frame>
		</part>
		<part>
			<location>body.rightArm</location>
			<rotation>14.8569864203147</rotation>
			<frame>6</frame>
		</part>
		<part>
			<location>body.leftLeg</location>
			<rotation>17.31893844811</rotation>
			<frame>1</frame>
		</part>
		<part>
			<location>body.rightLeg</location>
			<rotation>-26.0997302289872</rotation>
			<frame>2</frame>
		</part>
		<part>
			<location>body.rightLeg.foot</location>
			<rotation>29.0592111042791</rotation>
			<frame>14</frame>
		</part>
		<part>
			<location>body.leftLeg.foot</location>
			<rotation>-18.0227824167203</rotation>
			<frame>13</frame>
		</part>
	</frame>
	<frame>
		<part>
			<location>body.leftArm</location>
			<rotation>-18.8281614315326</rotation>
			<frame>6</frame>
		</part>
		<part>
			<location>body.rightArm</location>
			<rotation>13.6649595246084</rotation>
			<frame>6</frame>
		</part>
		<part>
			<location>body.rightLeg</location>
			<rotation>-22.9828403271968</rotation>
			<frame>2</frame>
		</part>
		<part>
			<location>body.leftLeg</location>
			<rotation>13.0900897967443</rotation>
			<frame>1</frame>
		</part>
		<part>
			<location>body.rightLeg.foot</location>
			<rotation>21.1411668123203</rotation>
			<frame>14</frame>
		</part>
		<part>
			<location>body.leftLeg.foot</location>
			<rotation>-13.3561673758896</rotation>
			<frame>13</frame>
		</part>
	</frame>
	<frame>
		<part>
			<location>body.leftArm</location>
			<rotation>-16.3307383557374</rotation>
			<frame>6</frame>
		</part>
		<part>
			<location>body.rightArm</location>
			<rotation>12.5288077268405</rotation>
			<frame>6</frame>
		</part>
		<part>
			<location>body.rightLeg</location>
			<rotation>-19.5224578158936</rotation>
			<frame>2</frame>
		</part>
		<part>
			<location>body.leftLeg</location>
			<rotation>7.45207746225282</rotation>
			<frame>1</frame>
		</part>
		<part>
			<location>body.rightLeg.foot</location>
			<rotation>21.2322718801944</rotation>
			<frame>14</frame>
		</part>
		<part>
			<location>body.leftLeg.foot</location>
			<rotation>-8.6781970948453</rotation>
			<frame>13</frame>
		</part>
		<part>
			<location>body.head</location>
			<rotation>-2.76336948896795</rotation>
			<frame>4</frame>
		</part>
	</frame>
	<frame>
		<part>
			<location>body.leftArm</location>
			<rotation>-12.8463514860069</rotation>
			<frame>6</frame>
		</part>
		<part>
			<location>body.rightArm</location>
			<rotation>7.74034117762028</rotation>
			<frame>6</frame>
		</part>
		<part>
			<location>body.rightLeg</location>
			<rotation>-15.6039471620436</rotation>
			<frame>2</frame>
		</part>
		<part>
			<location>body.leftLeg</location>
			<rotation>3.47921751022517</rotation>
			<frame>9</frame>
		</part>
		<part>
			<location>body.rightLeg.foot</location>
			<rotation>14.1208925643575</rotation>
			<frame>14</frame>
		</part>
		<part>
			<location>body.leftLeg.foot</location>
			<rotation>26.1371741347281</rotation>
			<frame>13</frame>
		</part>
	</frame>
	<frame>
		<part>
			<location>body.leftArm</location>
			<rotation>-10.6594129629791</rotation>
			<frame>6</frame>
		</part>
		<part>
			<location>body.rightArm</location>
			<rotation>4.70361472376885</rotation>
			<frame>6</frame>
		</part>
		<part>
			<location>body.rightLeg</location>
			<rotation>-11.5413625412124</rotation>
			<frame>2</frame>
		</part>
		<part>
			<location>body.leftLeg</location>
			<rotation>-0.675871694576998</rotation>
			<frame>9</frame>
		</part>
		<part>
			<location>body.rightLeg.foot</location>
			<rotation>11.789394689862</rotation>
			<frame>14</frame>
		</part>
	</frame>
	<frame>
		<part>
			<location>body.leftArm</location>
			<rotation>-9.06137859969914</rotation>
			<frame>6</frame>
		</part>
		<part>
			<location>body.rightArm</location>
			<rotation>1.4301643541765</rotation>
			<frame>6</frame>
		</part>
		<part>
			<location>body.rightLeg</location>
			<rotation>-7.74343565410989</rotation>
			<frame>2</frame>
		</part>
		<part>
			<location>body.leftLeg</location>
			<rotation>-2.85702359200589</rotation>
			<frame>9</frame>
		</part>
		<part>
			<location>body.rightLeg.foot</location>
			<rotation>6.16005306176085</rotation>
			<frame>14</frame>
		</part>
	</frame>
	<frame>
		<part>
			<location>body.leftArm</location>
			<rotation>-6.45434412485423</rotation>
			<frame>6</frame>
		</part>
		<part>
			<location>body.rightArm</location>
			<rotation>-2.53676175813042</rotation>
			<frame>6</frame>
		</part>
		<part>
			<location>body.rightLeg</location>
			<rotation>-2.21222098583684</rotation>
			<frame>2</frame>
		</part>
		<part>
			<location>body.leftLeg</location>
			<rotation>-8.14520803543103</rotation>
			<frame>9</frame>
		</part>
		<part>
			<location>body.rightLeg.foot</location>
			<rotation>0.437704172098194</rotation>
			<frame>14</frame>
		</part>
	</frame>
	<frame>
		<part>
			<location>body.leftArm</location>
			<rotation>-1.76935009655823</rotation>
			<frame>6</frame>
		</part>
		<part>
			<location>body.rightArm</location>
			<rotation>-4.80904504664009</rotation>
			<frame>6</frame>
		</part>
		<part>
			<location>body.rightLeg</location>
			<rotation>1.87984310721174</rotation>
			<frame>2</frame>
		</part>
		<part>
			<location>body.leftLeg</location>
			<rotation>-9.37313210620866</rotation>
			<frame>9</frame>
		</part>
		<part>
			<location>body.rightLeg.foot</location>
			<rotation>0.175130108057374</rotation>
			<frame>14</frame>
		</part>
	</frame>
	<frame>
		<part>
			<location>body.leftArm</location>
			<rotation>-0.907501898863444</rotation>
			<frame>6</frame>
		</part>
		<part>
			<location>body.rightArm</location>
			<rotation>-8.08496982645345</rotation>
			<frame>6</frame>
		</part>
		<part>
			<location>body.rightLeg</location>
			<rotation>3.62832927995373</rotation>
			<frame>2</frame>
		</part>
		<part>
			<location>body.leftLeg</location>
			<rotation>-14.3926241205848</rotation>
			<frame>9</frame>
		</part>
		<part>
			<location>body.rightLeg.foot</location>
			<rotation>-3.81255946783637</rotation>
			<frame>14</frame>
		</part>
		<part>
			<location>body.leftLeg.foot</location>
			<rotation>-0.649313650363609</rotation>
			<frame>13</frame>
		</part>
	</frame>
	<frame>
		<part>
			<location>body.leftArm</location>
			<rotation>3.9298672666369</rotation>
			<frame>6</frame>
		</part>
		<part>
			<location>body.rightArm</location>
			<rotation>-10.439526408464</rotation>
			<frame>6</frame>
		</part>
		<part>
			<location>body.rightLeg</location>
			<rotation>6.80057019070978</rotation>
			<frame>2</frame>
		</part>
		<part>
			<location>body.leftLeg</location>
			<rotation>-16.5402433403002</rotation>
			<frame>1</frame>
		</part>
		<part>
			<location>body.rightLeg.foot</location>
			<rotation>-5.43664263886865</rotation>
			<frame>14</frame>
		</part>
		<part>
			<location>body.leftLeg.foot</location>
			<rotation>1.17121665990888</rotation>
			<frame>13</frame>
		</part>
	</frame>
	<frame>
		<part>
			<location>body.leftArm</location>
			<rotation>8.82037957055678</rotation>
			<frame>6</frame>
		</part>
		<part>
			<location>body.rightArm</location>
			<rotation>-14.2824717656396</rotation>
			<frame>6</frame>
		</part>
		<part>
			<location>body.rightLeg</location>
			<rotation>11.6104044298236</rotation>
			<frame>2</frame>
		</part>
		<part>
			<location>body.leftLeg</location>
			<rotation>-20.0961496007925</rotation>
			<frame>1</frame>
		</part>
		<part>
			<location>body.rightLeg.foot</location>
			<rotation>-10.37463164188</rotation>
			<frame>14</frame>
		</part>
		<part>
			<location>body.leftLeg.foot</location>
			<rotation>10.658151626578</rotation>
			<frame>13</frame>
		</part>
	</frame>
	<frame>
		<part>
			<location>body.leftArm</location>
			<rotation>10.2762771652218</rotation>
			<frame>6</frame>
		</part>
		<part>
			<location>body.rightArm</location>
			<rotation>-17.4099924509163</rotation>
			<frame>6</frame>
		</part>
		<part>
			<location>body.rightLeg</location>
			<rotation>17.2993313790307</rotation>
			<frame>2</frame>
		</part>
		<part>
			<location>body.leftLeg</location>
			<rotation>-22.4489124787462</rotation>
			<frame>1</frame>
		</part>
		<part>
			<location>body.rightLeg.foot</location>
			<rotation>-16.4097168372698</rotation>
			<frame>14</frame>
		</part>
		<part>
			<location>body.leftLeg.foot</location>
			<rotation>21.5032633216367</rotation>
			<frame>13</frame>
		</part>
	</frame>
</NE_Walk>
