<NW_Idle>
	<frame>
		<part>
			<location>body</location>
			<rotation>0</rotation>
			<frame>6</frame>
		</part>
		<part>
			<location>body.rightArm</location>
			<rotation>1.87984310721174</rotation>
			<frame>1</frame>
		</part>
		<part>
			<location>body.leftArm</location>
			<rotation>-3.0236674334316</rotation>
			<frame>1</frame>
		</part>
		<part>
			<location>body.rightLeg</location>
			<rotation>5.70232357760102</rotation>
			<frame>5</frame>
		</part>
		<part>
			<location>body.leftLeg</location>
			<rotation>0.0800220069265833</rotation>
			<frame>5</frame>
		</part>
		<part>
			<location>body.rightLeg.foot</location>
			<rotation>-4.50571887782615</rotation>
			<frame>9</frame>
		</part>
		<part>
			<location>body.leftLeg.foot</location>
			<rotation>-5.45101672178558</rotation>
			<frame>16</frame>
		</part>
		<part>
			<location>body.head</location>
			<rotation>-0.665133313125565</rotation>
			<frame>6</frame>
		</part>
	</frame>
	<frame>
	</frame>
	<frame>
	</frame>
	<frame>
	</frame>
	<frame>
		<part>
			<location>body.rightArm</location>
			<rotation>1.06529463498458</rotation>
			<frame>1</frame>
		</part>
	</frame>
	<frame>
	</frame>
	<frame>
	</frame>
	<frame>
		<part>
			<location>body.leftArm</location>
			<rotation>-3.59077567470186</rotation>
			<frame>1</frame>
		</part>
	</frame>
	<frame>
	</frame>
	<frame>
		<part>
			<location>body.rightArm</location>
			<rotation>2.57120641302282</rotation>
			<frame>1</frame>
		</part>
	</frame>
	<frame>
	</frame>
	<frame>
	</frame>
	<frame>
	</frame>
	<frame>
	</frame>
	<frame>
		<part>
			<location>body.rightArm</location>
			<rotation>1.08016955054194</rotation>
			<frame>1</frame>
		</part>
	</frame>
</NW_Idle>
