<NW_Item>
	<frame>
		<part>
			<location>body</location>
			<rotation>0</rotation>
			<frame>6</frame>
		</part>
		<part>
			<location>body.leftArm</location>
			<rotation>12.1671982115328</rotation>
			<frame>1</frame>
		</part>
		<part>
			<location>body.rightArm</location>
			<rotation>18.3364300327698</rotation>
			<frame>9</frame>
		</part>
		<part>
			<location>body.rightLeg</location>
			<rotation>6.55355231802554</rotation>
			<frame>5</frame>
		</part>
		<part>
			<location>body.leftLeg</location>
			<rotation>-2.99263140741367</rotation>
			<frame>5</frame>
		</part>
		<part>
			<location>body.rightLeg.foot</location>
			<rotation>-9.19981629243877</rotation>
			<frame>9</frame>
		</part>
		<part>
			<location>body.leftLeg.foot</location>
			<rotation>2.00032569458683</rotation>
			<frame>16</frame>
		</part>
		<part>
			<location>body.head</location>
			<rotation>-7.59464338740698</rotation>
			<frame>6</frame>
		</part>
	</frame>
</NW_Item>
