<NW_Shoot>
	<frame>
		<part>
			<location>body</location>
			<rotation>0</rotation>
			<frame>6</frame>
		</part>
		<part>
			<location>body.leftArm</location>
			<rotation>2.42005834660341</rotation>
			<frame>1</frame>
		</part>
		<part>
			<location>body.rightArm</location>
			<rotation>0.406634637437548</rotation>
			<frame>1</frame>
		</part>
		<part>
			<location>body.leftLeg</location>
			<rotation>5.50041148949566</rotation>
			<frame>5</frame>
		</part>
		<part>
			<location>body.rightLeg</location>
			<rotation>0.555481863365344</rotation>
			<frame>5</frame>
		</part>
		<part>
			<location>body.leftLeg.foot</location>
			<rotation>-5.2507582362781</rotation>
			<frame>9</frame>
		</part>
		<part>
			<location>body.rightLeg.foot</location>
			<rotation>-3.51278249840374</rotation>
			<frame>16</frame>
		</part>
		<part>
			<location>body.head</location>
			<rotation>1.64764764024636</rotation>
			<frame>6</frame>
		</part>
	</frame>
	<frame>
		<part>
			<location>body.rightArm</location>
			<rotation>15.8292184407571</rotation>
			<frame>1</frame>
		</part>
		<part>
			<location>body.rightArm.hand</location>
			<rotation>-19.7860932599456</rotation>
			<frame>1</frame>
		</part>
	</frame>
	<frame>
		<part>
			<location>body.rightArm</location>
			<rotation>31.879992022677</rotation>
			<frame>1</frame>
		</part>
		<part>
			<location>body.rightArm.hand</location>
			<rotation>-32.1782221274349</rotation>
			<frame>1</frame>
		</part>
	</frame>
	<frame>
		<part>
			<location>body.rightArm</location>
			<rotation>47.628963362049</rotation>
			<frame>1</frame>
		</part>
		<part>
			<location>body.leftArm</location>
			<rotation>0.690277218257108</rotation>
			<frame>1</frame>
		</part>
		<part>
			<location>body.rightLeg</location>
			<rotation>-1.24014791333214</rotation>
			<frame>5</frame>
		</part>
		<part>
			<location>body.rightArm.hand</location>
			<rotation>-32.1782221274349</rotation>
			<frame>5</frame>
		</part>
	</frame>
	<frame>
		<part>
			<location>body.rightArm</location>
			<rotation>59.3548122775234</rotation>
			<frame>1</frame>
		</part>
		<part>
			<location>body.rightArm.hand</location>
			<rotation>-59.9456951105007</rotation>
			<frame>5</frame>
		</part>
	</frame>
	<frame>
		<part>
			<location>body.rightArm</location>
			<rotation>75.6545495252241</rotation>
			<frame>1</frame>
		</part>
		<part>
			<location>body.leftArm</location>
			<rotation>-3.86220907353298</rotation>
			<frame>1</frame>
		</part>
		<part>
			<location>body.rightArm.hand</location>
			<rotation>-74.4196221709494</rotation>
			<frame>5</frame>
		</part>
		<part>
			<location>body.head</location>
			<rotation>-1.23197742290807</rotation>
			<frame>6</frame>
		</part>
	</frame>
	<frame>
		<part>
			<location>body.rightArm</location>
			<rotation>79.3171317874193</rotation>
			<frame>1</frame>
		</part>
		<part>
			<location>body.rightLeg</location>
			<rotation>-3.42185905076738</rotation>
			<frame>5</frame>
		</part>
		<part>
			<location>body.rightLeg.foot</location>
			<rotation>-1.75858847604729</rotation>
			<frame>16</frame>
		</part>
		<part>
			<location>body.rightArm.hand</location>
			<rotation>-78.9391967502605</rotation>
			<frame>5</frame>
		</part>
	</frame>
	<frame>
		<part>
			<location>body.rightArm</location>
			<rotation>77.0797044731331</rotation>
			<frame>1</frame>
		</part>
		<part>
			<location>body.leftArm</location>
			<rotation>-6.16032803470392</rotation>
			<frame>1</frame>
		</part>
		<part>
			<location>body.rightArm.hand</location>
			<rotation>-75.0689352013387</rotation>
			<frame>5</frame>
		</part>
	</frame>
	<frame>
		<part>
			<location>body.rightArm</location>
			<rotation>75.9147439043765</rotation>
			<frame>1</frame>
		</part>
		<part>
			<location>body.rightArm.hand</location>
			<rotation>-71.8112426668577</rotation>
			<frame>5</frame>
		</part>
	</frame>
	<frame>
		<part>
			<location>body.rightArm</location>
			<rotation>75.2995790720641</rotation>
			<frame>1</frame>
		</part>
		<part>
			<location>body.leftArm</location>
			<rotation>-3.7440786874204</rotation>
			<frame>1</frame>
		</part>
		<part>
			<location>body.rightArm.hand</location>
			<rotation>-71.3281404634737</rotation>
			<frame>5</frame>
		</part>
	</frame>
	<frame>
		<part>
			<location>body.rightArm</location>
			<rotation>63.282701766147</rotation>
			<frame>1</frame>
		</part>
		<part>
			<location>body.leftArm</location>
			<rotation>-0.67968080332534</rotation>
			<frame>1</frame>
		</part>
		<part>
			<location>body.rightArm.hand</location>
			<rotation>-54.1248922627011</rotation>
			<frame>5</frame>
		</part>
	</frame>
	<frame>
		<part>
			<location>body.rightArm</location>
			<rotation>48.047881777508</rotation>
			<frame>1</frame>
		</part>
		<part>
			<location>body.rightLeg</location>
			<rotation>-1.21139462910507</rotation>
			<frame>5</frame>
		</part>
		<part>
			<location>body.rightArm.hand</location>
			<rotation>-54.1248922627011</rotation>
			<frame>5</frame>
		</part>
	</frame>
	<frame>
		<part>
			<location>body.rightArm.hand</location>
			<rotation>-14.932781389693</rotation>
			<frame>5</frame>
		</part>
		<part>
			<location>body.rightArm</location>
			<rotation>19.4006427710851</rotation>
			<frame>1</frame>
		</part>
	</frame>
	<frame>
		<part>
			<location>body.rightArm</location>
			<rotation>1.52107546595494</rotation>
			<frame>1</frame>
		</part>
		<part>
			<location>body.rightArm.hand</location>
			<rotation>-28.4251509818911</rotation>
			<frame>5</frame>
		</part>
	</frame>
</NW_Shoot>
