<NW_Use>
	<frame>
		<part>
			<location>body</location>
			<rotation>0</rotation>
			<frame>6</frame>
		</part>
		<part>
			<location>body.leftLeg</location>
			<rotation>3.07788440512428</rotation>
			<frame>5</frame>
		</part>
		<part>
			<location>body.rightLeg</location>
			<rotation>1.34262404678088</rotation>
			<frame>5</frame>
		</part>
		<part>
			<location>body.leftLeg.foot</location>
			<rotation>-2.99615008980362</rotation>
			<frame>16</frame>
		</part>
		<part>
			<location>body.rightLeg.foot</location>
			<rotation>-3.78464077313819</rotation>
			<frame>16</frame>
		</part>
	</frame>
	<frame>
		<part>
			<location>body.leftArm</location>
			<rotation>30.5439338197266</rotation>
			<frame>1</frame>
		</part>
	</frame>
	<frame>
		<part>
			<location>body.leftArm</location>
			<rotation>78.7271922185071</rotation>
			<frame>1</frame>
		</part>
	</frame>
	<frame>
	</frame>
	<frame>
	</frame>
	<frame>
	</frame>
	<frame>
		<part>
			<location>body.leftArm</location>
			<rotation>54.1698029760315</rotation>
			<frame>1</frame>
		</part>
	</frame>
	<frame>
	</frame>
	<frame>
		<part>
			<location>body.leftArm</location>
			<rotation>33.5589561441197</rotation>
			<frame>1</frame>
		</part>
	</frame>
	<frame>
		<part>
			<location>body.leftArm</location>
			<rotation>2.07189192884294</rotation>
			<frame>1</frame>
		</part>
	</frame>
</NW_Use>
