<NW_Walk>
	<frame>
		<part>
			<location>body</location>
			<rotation>0</rotation>
			<frame>6</frame>
		</part>
		<part>
			<location>body.rightArm</location>
			<rotation>-17.2414594155529</rotation>
			<frame>1</frame>
		</part>
		<part>
			<location>body.leftArm</location>
			<rotation>25.6253580054021</rotation>
			<frame>1</frame>
		</part>
		<part>
			<location>body.rightLeg</location>
			<rotation>24.8360203043456</rotation>
			<frame>5</frame>
		</part>
		<part>
			<location>body.leftLeg</location>
			<rotation>-20.1462644627889</rotation>
			<frame>5</frame>
		</part>
		<part>
			<location>body.rightLeg.foot</location>
			<rotation>-28.1442338580119</rotation>
			<frame>9</frame>
		</part>
		<part>
			<location>body.leftLeg.foot</location>
			<rotation>19.2591748742514</rotation>
			<frame>16</frame>
		</part>
		<part>
			<location>body.head</location>
			<rotation>-0.314808827866884</rotation>
			<frame>6</frame>
		</part>
	</frame>
	<frame>
		<part>
			<location>body.rightArm</location>
			<rotation>-11.8471634387761</rotation>
			<frame>1</frame>
		</part>
		<part>
			<location>body.leftArm</location>
			<rotation>20.1464904923425</rotation>
			<frame>1</frame>
		</part>
		<part>
			<location>body.rightLeg</location>
			<rotation>21.1383280042606</rotation>
			<frame>5</frame>
		</part>
		<part>
			<location>body.rightLeg.foot</location>
			<rotation>-20.4905389843309</rotation>
			<frame>9</frame>
		</part>
		<part>
			<location>body.leftLeg</location>
			<rotation>-14.7494710562419</rotation>
			<frame>5</frame>
		</part>
		<part>
			<location>body.leftLeg.foot</location>
			<rotation>13.0283609105286</rotation>
			<frame>16</frame>
		</part>
	</frame>
	<frame>
		<part>
			<location>body.rightArm</location>
			<rotation>-9.07796453387724</rotation>
			<frame>1</frame>
		</part>
		<part>
			<location>body.leftArm</location>
			<rotation>14.0557517512862</rotation>
			<frame>1</frame>
		</part>
		<part>
			<location>body.rightLeg</location>
			<rotation>18.8597356468662</rotation>
			<frame>5</frame>
		</part>
		<part>
			<location>body.leftLeg</location>
			<rotation>-13.7689764815306</rotation>
			<frame>13</frame>
		</part>
		<part>
			<location>body.leftLeg.foot</location>
			<rotation>0</rotation>
			<frame>8</frame>
		</part>
	</frame>
	<frame>
		<part>
			<location>body.rightArm</location>
			<rotation>-5.30624302276631</rotation>
			<frame>1</frame>
		</part>
		<part>
			<location>body.leftArm</location>
			<rotation>12.1442780673437</rotation>
			<frame>1</frame>
		</part>
		<part>
			<location>body.rightLeg</location>
			<rotation>14.150758548311</rotation>
			<frame>5</frame>
		</part>
		<part>
			<location>body.rightLeg.foot</location>
			<rotation>-15.579097529221</rotation>
			<frame>9</frame>
		</part>
		<part>
			<location>body.leftLeg</location>
			<rotation>-7.70957588269373</rotation>
			<frame>13</frame>
		</part>
		<part>
			<location>body.head</location>
			<rotation>-1.01919944498673</rotation>
			<frame>6</frame>
		</part>
	</frame>
	<frame>
		<part>
			<location>body.rightArm</location>
			<rotation>-2.09044681908229</rotation>
			<frame>1</frame>
		</part>
		<part>
			<location>body.leftArm</location>
			<rotation>8.90732302355002</rotation>
			<frame>1</frame>
		</part>
		<part>
			<location>body.rightLeg</location>
			<rotation>9.3584786074494</rotation>
			<frame>5</frame>
		</part>
		<part>
			<location>body.rightLeg.foot</location>
			<rotation>-10.794351849934</rotation>
			<frame>9</frame>
		</part>
		<part>
			<location>body.leftLeg</location>
			<rotation>-2.06872000676809</rotation>
			<frame>13</frame>
		</part>
	</frame>
	<frame>
		<part>
			<location>body.rightArm</location>
			<rotation>1.06529463498458</rotation>
			<frame>1</frame>
		</part>
		<part>
			<location>body.leftArm</location>
			<rotation>7.2503898646591</rotation>
			<frame>1</frame>
		</part>
		<part>
			<location>body.rightLeg</location>
			<rotation>-0.120032902557156</rotation>
			<frame>5</frame>
		</part>
		<part>
			<location>body.rightLeg.foot</location>
			<rotation>0.120032923106848</rotation>
			<frame>9</frame>
		</part>
		<part>
			<location>body.leftLeg.foot</location>
			<rotation>0</rotation>
			<frame>8</frame>
		</part>
		<part>
			<location>body.leftLeg</location>
			<rotation>4.21741516533388</rotation>
			<frame>13</frame>
		</part>
	</frame>
	<frame>
		<part>
			<location>body.rightArm</location>
			<rotation>4.15753036390447</rotation>
			<frame>1</frame>
		</part>
		<part>
			<location>body.leftArm</location>
			<rotation>4.3031765454835</rotation>
			<frame>1</frame>
		</part>
		<part>
			<location>body.rightLeg</location>
			<rotation>-3.22725505639399</rotation>
			<frame>5</frame>
		</part>
		<part>
			<location>body.rightLeg.foot</location>
			<rotation>3.08455102333009</rotation>
			<frame>9</frame>
		</part>
		<part>
			<location>body.leftLeg</location>
			<rotation>8.86710966336796</rotation>
			<frame>13</frame>
		</part>
	</frame>
	<frame>
		<part>
			<location>body.rightArm</location>
			<rotation>8.84695152436188</rotation>
			<frame>1</frame>
		</part>
		<part>
			<location>body.leftArm</location>
			<rotation>1.07268053346286</rotation>
			<frame>1</frame>
		</part>
		<part>
			<location>body.rightLeg</location>
			<rotation>-6.5449776728486</rotation>
			<frame>5</frame>
		</part>
		<part>
			<location>body.rightLeg.foot</location>
			<rotation>7.00272384910832</rotation>
			<frame>9</frame>
		</part>
		<part>
			<location>body.leftLeg</location>
			<rotation>10.6196552942801</rotation>
			<frame>13</frame>
		</part>
	</frame>
	<frame>
		<part>
			<location>body.rightArm</location>
			<rotation>12.0619635586501</rotation>
			<frame>1</frame>
		</part>
		<part>
			<location>body.leftArm</location>
			<rotation>-0.523786507093149</rotation>
			<frame>1</frame>
		</part>
		<part>
			<location>body.rightLeg</location>
			<rotation>-9.86233280546155</rotation>
			<frame>5</frame>
		</part>
		<part>
			<location>body.rightLeg.foot</location>
			<rotation>9.07848421023228</rotation>
			<frame>9</frame>
		</part>
		<part>
			<location>body.leftLeg</location>
			<rotation>16.9686816178038</rotation>
			<frame>13</frame>
		</part>
	</frame>
	<frame>
		<part>
			<location>body.rightArm</location>
			<rotation>15.1474874512999</rotation>
			<frame>1</frame>
		</part>
		<part>
			<location>body.leftArm</location>
			<rotation>-2.89807514874225</rotation>
			<frame>1</frame>
		</part>
		<part>
			<location>body.rightLeg</location>
			<rotation>-12.8463514860069</rotation>
			<frame>5</frame>
		</part>
		<part>
			<location>body.rightLeg.foot</location>
			<rotation>11.6205232812421</rotation>
			<frame>9</frame>
		</part>
		<part>
			<location>body.leftLeg</location>
			<rotation>20.2145674085002</rotation>
			<frame>13</frame>
		</part>
	</frame>
	<frame>
		<part>
			<location>body.rightArm</location>
			<rotation>19.4684272004864</rotation>
			<frame>1</frame>
		</part>
		<part>
			<location>body.leftArm</location>
			<rotation>-7.90942237541266</rotation>
			<frame>1</frame>
		</part>
		<part>
			<location>body.rightLeg</location>
			<rotation>-15.5585668643753</rotation>
			<frame>5</frame>
		</part>
		<part>
			<location>body.rightLeg.foot</location>
			<rotation>15.1050477179713</rotation>
			<frame>9</frame>
		</part>
		<part>
			<location>body.leftLeg</location>
			<rotation>26.7404970371234</rotation>
			<frame>13</frame>
		</part>
		<part>
			<location>body.leftLeg.foot</location>
			<rotation>-0.146405919259337</rotation>
			<frame>8</frame>
		</part>
	</frame>
	<frame>
		<part>
			<location>body.rightArm</location>
			<rotation>20.6642268949404</rotation>
			<frame>1</frame>
		</part>
		<part>
			<location>body.leftArm</location>
			<rotation>-11.9304401396797</rotation>
			<frame>1</frame>
		</part>
		<part>
			<location>body.rightLeg</location>
			<rotation>-17.096859719225</rotation>
			<frame>5</frame>
		</part>
		<part>
			<location>body.rightLeg.foot</location>
			<rotation>16.3528004959565</rotation>
			<frame>9</frame>
		</part>
		<part>
			<location>body.leftLeg</location>
			<rotation>33.3945053828431</rotation>
			<frame>5</frame>
		</part>
		<part>
			<location>body.leftLeg.foot</location>
			<rotation>-20.8890328893717</rotation>
			<frame>16</frame>
		</part>
	</frame>
	<frame>
		<part>
			<location>body.rightArm</location>
			<rotation>22.8319822024901</rotation>
			<frame>1</frame>
		</part>
		<part>
			<location>body.leftArm</location>
			<rotation>-20.2175726889679</rotation>
			<frame>1</frame>
		</part>
		<part>
			<location>body.rightLeg</location>
			<rotation>-15.624234598169</rotation>
			<frame>5</frame>
		</part>
		<part>
			<location>body.leftLeg</location>
			<rotation>18.2984222203753</rotation>
			<frame>5</frame>
		</part>
		<part>
			<location>body.leftLeg.foot</location>
			<rotation>-18.2048017284066</rotation>
			<frame>16</frame>
		</part>
		<part>
			<location>body.rightLeg.foot</location>
			<rotation>15.0294900625367</rotation>
			<frame>9</frame>
		</part>
	</frame>
	<frame>
		<part>
			<location>body.rightArm</location>
			<rotation>19.5153819246075</rotation>
			<frame>1</frame>
		</part>
		<part>
			<location>body.leftArm</location>
			<rotation>-18.0570653929133</rotation>
			<frame>1</frame>
		</part>
		<part>
			<location>body.leftLeg</location>
			<rotation>13.549408429428</rotation>
			<frame>5</frame>
		</part>
		<part>
			<location>body.leftLeg.foot</location>
			<rotation>-13.6419702103254</rotation>
			<frame>16</frame>
		</part>
		<part>
			<location>body.rightLeg</location>
			<rotation>-10.9672389512293</rotation>
			<frame>5</frame>
		</part>
		<part>
			<location>body.rightLeg.foot</location>
			<rotation>12.0847002440624</rotation>
			<frame>9</frame>
		</part>
	</frame>
	<frame>
		<part>
			<location>body.rightArm</location>
			<rotation>14.9366155058697</rotation>
			<frame>1</frame>
		</part>
		<part>
			<location>body.leftArm</location>
			<rotation>-15.2373194726384</rotation>
			<frame>1</frame>
		</part>
		<part>
			<location>body.leftLeg</location>
			<rotation>8.53837892678109</rotation>
			<frame>5</frame>
		</part>
		<part>
			<location>body.leftLeg.foot</location>
			<rotation>-12.1564801748072</rotation>
			<frame>16</frame>
		</part>
		<part>
			<location>body.rightLeg</location>
			<rotation>-6.57488376114206</rotation>
			<frame>13</frame>
		</part>
		<part>
			<location>body.rightLeg.foot</location>
			<rotation>-8.3023850467128</rotation>
			<frame>9</frame>
		</part>
		<part>
			<location>body.head</location>
			<rotation>-1.29884647291615</rotation>
			<frame>6</frame>
		</part>
	</frame>
	<frame>
		<part>
			<location>body.rightArm</location>
			<rotation>10.3812222990323</rotation>
			<frame>1</frame>
		</part>
		<part>
			<location>body.leftArm</location>
			<rotation>-11.9304401396797</rotation>
			<frame>1</frame>
		</part>
		<part>
			<location>body.leftLeg</location>
			<rotation>4.07424294773114</rotation>
			<frame>5</frame>
		</part>
		<part>
			<location>body.leftLeg.foot</location>
			<rotation>-7.0789355609089</rotation>
			<frame>16</frame>
		</part>
		<part>
			<location>body.rightLeg</location>
			<rotation>-2.29701349513486</rotation>
			<frame>13</frame>
		</part>
		<part>
			<location>body.rightLeg.foot</location>
			<rotation>11.3999867158003</rotation>
			<frame>9</frame>
		</part>
	</frame>
	<frame>
		<part>
			<location>body.rightArm</location>
			<rotation>6.89875526629515</rotation>
			<frame>1</frame>
		</part>
		<part>
			<location>body.leftArm</location>
			<rotation>-9.39603838335671</rotation>
			<frame>1</frame>
		</part>
		<part>
			<location>body.leftLeg</location>
			<rotation>1.67998121642194</rotation>
			<frame>5</frame>
		</part>
		<part>
			<location>body.leftLeg.foot</location>
			<rotation>-2.15320323987406</rotation>
			<frame>16</frame>
		</part>
		<part>
			<location>body.rightLeg</location>
			<rotation>0.908532309141265</rotation>
			<frame>13</frame>
		</part>
	</frame>
	<frame>
		<part>
			<location>body.rightArm</location>
			<rotation>4.27323813079897</rotation>
			<frame>1</frame>
		</part>
		<part>
			<location>body.leftArm</location>
			<rotation>-6.18764267340214</rotation>
			<frame>1</frame>
		</part>
		<part>
			<location>body.leftLeg</location>
			<rotation>-2.99263140741367</rotation>
			<frame>5</frame>
		</part>
		<part>
			<location>body.leftLeg.foot</location>
			<rotation>1.0913949226837</rotation>
			<frame>16</frame>
		</part>
		<part>
			<location>body.rightLeg</location>
			<rotation>5.21407094878356</rotation>
			<frame>13</frame>
		</part>
	</frame>
	<frame>
		<part>
			<location>body.rightArm</location>
			<rotation>0.276217203327178</rotation>
			<frame>1</frame>
		</part>
		<part>
			<location>body.leftArm</location>
			<rotation>-2.98061214303512</rotation>
			<frame>1</frame>
		</part>
		<part>
			<location>body.leftLeg</location>
			<rotation>-7.24656649998222</rotation>
			<frame>5</frame>
		</part>
		<part>
			<location>body.leftLeg.foot</location>
			<rotation>6.10536722410599</rotation>
			<frame>16</frame>
		</part>
		<part>
			<location>body.rightLeg</location>
			<rotation>10.7536802650338</rotation>
			<frame>13</frame>
		</part>
		<part>
			<location>body.rightLeg.foot</location>
			<rotation>-0.1656825929565</rotation>
			<frame>9</frame>
		</part>
	</frame>
	<frame>
		<part>
			<location>body.rightArm</location>
			<rotation>-2.03445041218507</rotation>
			<frame>1</frame>
		</part>
		<part>
			<location>body.leftArm</location>
			<rotation>4.3031765454835</rotation>
			<frame>1</frame>
		</part>
		<part>
			<location>body.leftLeg</location>
			<rotation>-12.0441499127597</rotation>
			<frame>5</frame>
		</part>
		<part>
			<location>body.leftLeg.foot</location>
			<rotation>10.6441949444772</rotation>
			<frame>16</frame>
		</part>
		<part>
			<location>body.rightLeg</location>
			<rotation>16.6144245058825</rotation>
			<frame>13</frame>
		</part>
		<part>
			<location>body.rightLeg.foot</location>
			<rotation>-10.9945554065052</rotation>
			<frame>9</frame>
		</part>
		<part>
			<location>body.head</location>
			<rotation>-1.51582984250312</rotation>
			<frame>6</frame>
		</part>
	</frame>
	<frame>
		<part>
			<location>body.rightArm</location>
			<rotation>-3.00198555978636</rotation>
			<frame>1</frame>
		</part>
		<part>
			<location>body.leftArm</location>
			<rotation>12.5702963361713</rotation>
			<frame>1</frame>
		</part>
		<part>
			<location>body.leftLeg</location>
			<rotation>-14.3843654566117</rotation>
			<frame>5</frame>
		</part>
		<part>
			<location>body.rightLeg</location>
			<rotation>20.8519015776105</rotation>
			<frame>13</frame>
		</part>
		<part>
			<location>body.rightLeg.foot</location>
			<rotation>-13.6597351913072</rotation>
			<frame>9</frame>
		</part>
	</frame>
	<frame>
		<part>
			<location>body.rightArm</location>
			<rotation>-4.38977569834425</rotation>
			<frame>1</frame>
		</part>
		<part>
			<location>body.leftArm</location>
			<rotation>14.24173773767</rotation>
			<frame>1</frame>
		</part>
		<part>
			<location>body.leftLeg</location>
			<rotation>-16.6765842639743</rotation>
			<frame>5</frame>
		</part>
		<part>
			<location>body.leftLeg.foot</location>
			<rotation>15.4961109998052</rotation>
			<frame>16</frame>
		</part>
		<part>
			<location>body.rightLeg</location>
			<rotation>26.4928599914189</rotation>
			<frame>13</frame>
		</part>
		<part>
			<location>body.rightLeg.foot</location>
			<rotation>-22.6456360828378</rotation>
			<frame>9</frame>
		</part>
	</frame>
	<frame>
		<part>
			<location>body.rightArm</location>
			<rotation>-7.63657223429483</rotation>
			<frame>1</frame>
		</part>
		<part>
			<location>body.leftArm</location>
			<rotation>15.8230880161864</rotation>
			<frame>1</frame>
		</part>
		<part>
			<location>body.leftLeg</location>
			<rotation>-19.6120937249757</rotation>
			<frame>5</frame>
		</part>
		<part>
			<location>body.leftLeg.foot</location>
			<rotation>17.9149375152133</rotation>
			<frame>16</frame>
		</part>
		<part>
			<location>body.rightLeg</location>
			<rotation>28.9416096903917</rotation>
			<frame>5</frame>
		</part>
		<part>
			<location>body.rightLeg.foot</location>
			<rotation>-20.3308108976631</rotation>
			<frame>9</frame>
		</part>
	</frame>
	<frame>
		<part>
			<location>body.rightArm</location>
			<rotation>-8.42116869800211</rotation>
			<frame>1</frame>
		</part>
		<part>
			<location>body.leftArm</location>
			<rotation>19.1110867484203</rotation>
			<frame>1</frame>
		</part>
		<part>
			<location>body.leftLeg</location>
			<rotation>-20.8896953076887</rotation>
			<frame>5</frame>
		</part>
		<part>
			<location>body.leftLeg.foot</location>
			<rotation>17.0328943024299</rotation>
			<frame>16</frame>
		</part>
		<part>
			<location>body.rightLeg</location>
			<rotation>31.1816101706007</rotation>
			<frame>5</frame>
		</part>
		<part>
			<location>body.rightLeg.foot</location>
			<rotation>-27.1217976295328</rotation>
			<frame>9</frame>
		</part>
	</frame>
</NW_Walk>
