<S_Idle>
	<frame>
		<part>
			<location>body</location>
			<rotation>0</rotation>
			<frame>1</frame>
		</part>
		<part>
			<location>body.leftLeg</location>
			<rotation>-0.516522181038411</rotation>
			<frame>8</frame>
		</part>
		<part>
			<location>body.rightLeg</location>
			<rotation>1.48007842210768</rotation>
			<frame>6</frame>
		</part>
		<part>
			<location>body.rightArm</location>
			<rotation>1.08016955054194</rotation>
			<frame>4</frame>
		</part>
		<part>
			<location>body.leftArm</location>
			<rotation>-1.32012999889483</rotation>
			<frame>2</frame>
		</part>
		<part>
			<location>body.leftLeg.foot</location>
			<rotation>-1.52049703872278</rotation>
			<frame>12</frame>
		</part>
		<part>
			<location>body.rightLeg.foot</location>
			<rotation>-1.05879349748562</rotation>
			<frame>10</frame>
		</part>
		<part>
			<location>body.head</location>
			<rotation>-0.665133313125565</rotation>
			<frame>1</frame>
		</part>
	</frame>
	<frame>
	</frame>
	<frame>
	</frame>
	<frame>
	</frame>
	<frame>
	</frame>
	<frame>
		<part>
			<location>body.rightArm</location>
			<rotation>1.93733787707964</rotation>
			<frame>4</frame>
		</part>
	</frame>
	<frame>
	</frame>
	<frame>
	</frame>
	<frame>
	</frame>
	<frame>
		<part>
			<location>body.leftArm</location>
			<rotation>-1.65082892483419</rotation>
			<frame>2</frame>
		</part>
	</frame>
	<frame>
	</frame>
	<frame>
	</frame>
	<frame>
		<part>
			<location>body.leftArm</location>
			<rotation>-0.889134395112634</rotation>
			<frame>2</frame>
		</part>
	</frame>
	<frame>
	</frame>
	<frame>
		<part>
			<location>body.leftArm</location>
			<rotation>-1.32012999889483</rotation>
			<frame>2</frame>
		</part>
	</frame>
</S_Idle>
