<S_Item>
	<frame>
		<part>
			<location>body</location>
			<rotation>0</rotation>
			<frame>1</frame>
		</part>
		<part>
			<location>body.rightArm</location>
			<rotation>-14.4359749962287</rotation>
			<frame>12</frame>
		</part>
		<part>
			<location>body.rightArm.hand</location>
			<rotation>0</rotation>
			<frame>2</frame>
		</part>
		<part>
			<location>body.leftArm</location>
			<rotation>34.4949361427561</rotation>
			<frame>2</frame>
		</part>
		<part>
			<location>body.head</location>
			<rotation>-6.09277167649449</rotation>
			<frame>8</frame>
		</part>
		<part>
			<location>body.rightLeg</location>
			<rotation>3.71975880081817</rotation>
			<frame>6</frame>
		</part>
		<part>
			<location>body.leftLeg</location>
			<rotation>-1.99438225934151</rotation>
			<frame>8</frame>
		</part>
		<part>
			<location>body.rightLeg.foot</location>
			<rotation>-1.94174678353653</rotation>
			<frame>10</frame>
		</part>
		<part>
			<location>body.leftLeg.foot</location>
			<rotation>0.951989591773497</rotation>
			<frame>12</frame>
		</part>
	</frame>
</S_Item>
