<S_Shoot>
	<frame>
		<part>
			<location>body</location>
			<rotation>0</rotation>
			<frame>1</frame>
		</part>
		<part>
			<location>body.rightArm</location>
			<rotation>0.161966456964592</rotation>
			<frame>4</frame>
		</part>
		<part>
			<location>body.leftArm</location>
			<rotation>-0.753326719242779</rotation>
			<frame>2</frame>
		</part>
		<part>
			<location>body.rightLeg</location>
			<rotation>1.26089209323908</rotation>
			<frame>6</frame>
		</part>
		<part>
			<location>body.leftLeg</location>
			<rotation>-0.559745584911681</rotation>
			<frame>8</frame>
		</part>
		<part>
			<location>body.rightLeg.foot</location>
			<rotation>-1.26089207268939</rotation>
			<frame>10</frame>
		</part>
		<part>
			<location>body.leftLeg.foot</location>
			<rotation>-0.844643838937614</rotation>
			<frame>12</frame>
		</part>
		<part>
			<location>body.head</location>
			<rotation>1.55868422640464</rotation>
			<frame>1</frame>
		</part>
	</frame>
	<frame>
		<part>
			<location>body.rightArm</location>
			<rotation>3.35007641728623</rotation>
			<frame>4</frame>
		</part>
	</frame>
	<frame>
		<part>
			<location>body.rightArm</location>
			<rotation>3.69898122234355</rotation>
			<frame>4</frame>
		</part>
	</frame>
	<frame>
		<part>
			<location>body.rightArm</location>
			<rotation>3.51125919560877</rotation>
			<frame>12</frame>
		</part>
		<part>
			<location>body.leftLeg</location>
			<rotation>-2.95612346257678</rotation>
			<frame>8</frame>
		</part>
	</frame>
	<frame>
		<part>
			<location>body.rightArm</location>
			<rotation>6.1541086932981</rotation>
			<frame>12</frame>
		</part>
		<part>
			<location>body.leftArm</location>
			<rotation>-1.94215769122759</rotation>
			<frame>2</frame>
		</part>
	</frame>
	<frame>
		<part>
			<location>body.rightArm.hand</location>
			<rotation>-4.31189704840165</rotation>
			<frame>1</frame>
		</part>
		<part>
			<location>body.head</location>
			<rotation>-2.80408301503165</rotation>
			<frame>1</frame>
		</part>
		<part>
			<location>body.leftLeg</location>
			<rotation>-4.47764185845836</rotation>
			<frame>8</frame>
		</part>
		<part>
			<location>body.leftLeg.foot</location>
			<rotation>1.50776082612042</rotation>
			<frame>12</frame>
		</part>
	</frame>
	<frame>
		<part>
			<location>body.rightArm</location>
			<rotation>20.2109930922156</rotation>
			<frame>20</frame>
		</part>
		<part>
			<location>body.rightArm.hand</location>
			<rotation>-18.2680760035209</rotation>
			<frame>1</frame>
		</part>
		<part>
			<location>body.leftArm</location>
			<rotation>-3.53377811753778</rotation>
			<frame>2</frame>
		</part>
	</frame>
	<frame>
		<part>
			<location>body.rightArm</location>
			<rotation>13.1941319649982</rotation>
			<frame>20</frame>
		</part>
		<part>
			<location>body.rightArm.hand</location>
			<rotation>-12.1945001913705</rotation>
			<frame>1</frame>
		</part>
	</frame>
	<frame>
		<part>
			<location>body.rightArm</location>
			<rotation>11.1941056022645</rotation>
			<frame>20</frame>
		</part>
		<part>
			<location>body.rightArm.hand</location>
			<rotation>-8.1457306421126</rotation>
			<frame>1</frame>
		</part>
	</frame>
	<frame>
		<part>
			<location>body.rightArm</location>
			<rotation>9.847234586181</rotation>
			<frame>20</frame>
		</part>
		<part>
			<location>body.leftArm</location>
			<rotation>-3.08978394889373</rotation>
			<frame>2</frame>
		</part>
		<part>
			<location>body.leftLeg</location>
			<rotation>-3.26936495873501</rotation>
			<frame>8</frame>
		</part>
	</frame>
	<frame>
		<part>
			<location>body.rightArm</location>
			<rotation>6.39967127152607</rotation>
			<frame>12</frame>
		</part>
		<part>
			<location>body.rightArm.hand</location>
			<rotation>-6.55993878876592</rotation>
			<frame>1</frame>
		</part>
	</frame>
	<frame>
		<part>
			<location>body.rightArm</location>
			<rotation>4.19870574240053</rotation>
			<frame>12</frame>
		</part>
		<part>
			<location>body.leftLeg</location>
			<rotation>-2.12838873939329</rotation>
			<frame>8</frame>
		</part>
	</frame>
	<frame>
		<part>
			<location>body.rightArm</location>
			<rotation>2.4694468089304</rotation>
			<frame>4</frame>
		</part>
		<part>
			<location>body.leftArm</location>
			<rotation>-1.56770369732196</rotation>
			<frame>2</frame>
		</part>
	</frame>
	<frame>
		<part>
			<location>body.rightArm</location>
			<rotation>0.558965501254193</rotation>
			<frame>4</frame>
		</part>
	</frame>
</S_Shoot>
