<S_Use>
	<frame>
		<part>
			<location>body</location>
			<rotation>0</rotation>
			<frame>1</frame>
		</part>
		<part>
			<location>body.rightLeg</location>
			<rotation>-0.920174341813436</rotation>
			<frame>6</frame>
		</part>
		<part>
			<location>body.leftLeg</location>
			<rotation>-0.531258071670962</rotation>
			<frame>8</frame>
		</part>
		<part>
			<location>body.rightLeg.foot</location>
			<rotation>2.31556484027703</rotation>
			<frame>10</frame>
		</part>
		<part>
			<location>body.leftLeg.foot</location>
			<rotation>-1.85992373165627</rotation>
			<frame>12</frame>
		</part>
	</frame>
	<frame>
		<part>
			<location>body.leftArm</location>
			<rotation>-1.66981043078655</rotation>
			<frame>10</frame>
		</part>
	</frame>
	<frame>
		<part>
			<location>body.leftArm</location>
			<rotation>-21.9911299327055</rotation>
			<frame>18</frame>
		</part>
		<part>
			<location>body.leftArm.hand</location>
			<rotation>16.9459948239247</rotation>
			<frame>9</frame>
		</part>
	</frame>
	<frame>
	</frame>
	<frame>
	</frame>
	<frame>
	</frame>
	<frame>
	</frame>
	<frame>
		<part>
			<location>body.leftArm</location>
			<rotation>-17.5143295164449</rotation>
			<frame>10</frame>
		</part>
	</frame>
	<frame>
		<part>
			<location>body.leftArm</location>
			<rotation>-7.92432057091028</rotation>
			<frame>10</frame>
		</part>
	</frame>
	<frame>
		<part>
			<location>body.leftArm</location>
			<rotation>2.5041596894049</rotation>
			<frame>2</frame>
		</part>
	</frame>
</S_Use>
