<S_Walk>
	<frame>
		<part>
			<location>body</location>
			<rotation>0</rotation>
			<frame>1</frame>
		</part>
		<part>
			<location>body.rightArm</location>
			<rotation>13.0563035405338</rotation>
			<frame>4</frame>
		</part>
		<part>
			<location>body.leftArm</location>
			<rotation>7.20165337880059</rotation>
			<frame>2</frame>
		</part>
		<part>
			<location>body.leftLeg</location>
			<rotation>-4.90729986171732</rotation>
			<frame>8</frame>
		</part>
		<part>
			<location>body.rightLeg</location>
			<rotation>23.987764413811</rotation>
			<frame>6</frame>
		</part>
		<part>
			<location>body.rightLeg.foot</location>
			<rotation>-25.7329745692823</rotation>
			<frame>10</frame>
		</part>
		<part>
			<location>body.leftLeg.foot</location>
			<rotation>4.30181876693655</rotation>
			<frame>12</frame>
		</part>
		<part>
			<location>body.rightArm.hand</location>
			<rotation>-18.2434047045951</rotation>
			<frame>1</frame>
		</part>
		<part>
			<location>body.leftArm.hand</location>
			<rotation>-6.86412689748596</rotation>
			<frame>1</frame>
		</part>
		<part>
			<location>body.head</location>
			<rotation>-0.665133313125565</rotation>
			<frame>1</frame>
		</part>
	</frame>
	<frame>
		<part>
			<location>body.rightArm</location>
			<rotation>10.5229944336427</rotation>
			<frame>4</frame>
		</part>
		<part>
			<location>body.leftArm</location>
			<rotation>5.90337228459509</rotation>
			<frame>2</frame>
		</part>
		<part>
			<location>body.rightLeg</location>
			<rotation>18.8597356468662</rotation>
			<frame>6</frame>
		</part>
		<part>
			<location>body.leftLeg</location>
			<rotation>0.768288177608952</rotation>
			<frame>24</frame>
		</part>
		<part>
			<location>body.leftLeg.foot</location>
			<rotation>0</rotation>
			<frame>4</frame>
		</part>
		<part>
			<location>body.rightLeg.foot</location>
			<rotation>-18.5977140710766</rotation>
			<frame>10</frame>
		</part>
	</frame>
	<frame>
		<part>
			<location>body.rightArm</location>
			<rotation>9.48980880598043</rotation>
			<frame>4</frame>
		</part>
		<part>
			<location>body.leftArm</location>
			<rotation>5.21298446097268</rotation>
			<frame>2</frame>
		</part>
		<part>
			<location>body.rightLeg</location>
			<rotation>18.1009025169943</rotation>
			<frame>6</frame>
		</part>
		<part>
			<location>body.leftLeg</location>
			<rotation>0.605824053216793</rotation>
			<frame>24</frame>
		</part>
		<part>
			<location>body.leftLeg.foot</location>
			<rotation>0</rotation>
			<frame>4</frame>
		</part>
	</frame>
	<frame>
		<part>
			<location>body.rightArm</location>
			<rotation>5.90337228459509</rotation>
			<frame>4</frame>
		</part>
		<part>
			<location>body.leftArm</location>
			<rotation>2.71667142653922</rotation>
			<frame>2</frame>
		</part>
		<part>
			<location>body.rightLeg</location>
			<rotation>17.3050266919876</rotation>
			<frame>6</frame>
		</part>
		<part>
			<location>body.leftLeg</location>
			<rotation>-1.16003639959966</rotation>
			<frame>24</frame>
		</part>
		<part>
			<location>body.rightLeg.foot</location>
			<rotation>-12.5740880487389</rotation>
			<frame>10</frame>
		</part>
		<part>
			<location>body.head</location>
			<rotation>0.503844390145218</rotation>
			<frame>1</frame>
		</part>
		<part>
			<location>body.leftLeg.foot</location>
			<rotation>0</rotation>
			<frame>4</frame>
		</part>
	</frame>
	<frame>
		<part>
			<location>body.rightArm</location>
			<rotation>4.39555777362659</rotation>
			<frame>4</frame>
		</part>
		<part>
			<location>body.leftArm</location>
			<rotation>1.9064502681191</rotation>
			<frame>2</frame>
		</part>
		<part>
			<location>body.rightLeg</location>
			<rotation>16.099712765351</rotation>
			<frame>6</frame>
		</part>
		<part>
			<location>body.leftLeg</location>
			<rotation>-7.30061584276187</rotation>
			<frame>24</frame>
		</part>
		<part>
			<location>body.rightLeg.foot</location>
			<rotation>-16.7984071687246</rotation>
			<frame>10</frame>
		</part>
		<part>
			<location>body.leftLeg.foot</location>
			<rotation>0</rotation>
			<frame>4</frame>
		</part>
	</frame>
	<frame>
		<part>
			<location>body.rightArm</location>
			<rotation>3.52580680123248</rotation>
			<frame>4</frame>
		</part>
		<part>
			<location>body.leftArm</location>
			<rotation>1.03674077704682</rotation>
			<frame>2</frame>
		</part>
		<part>
			<location>body.rightLeg</location>
			<rotation>13.3851831051904</rotation>
			<frame>6</frame>
		</part>
		<part>
			<location>body.leftLeg</location>
			<rotation>-8.7987674196546</rotation>
			<frame>16</frame>
		</part>
		<part>
			<location>body.rightLeg.foot</location>
			<rotation>-13.3851830846407</rotation>
			<frame>10</frame>
		</part>
		<part>
			<location>body.leftLeg.foot</location>
			<rotation>0</rotation>
			<frame>4</frame>
		</part>
	</frame>
	<frame>
		<part>
			<location>body.rightArm</location>
			<rotation>1.06529463498458</rotation>
			<frame>4</frame>
		</part>
		<part>
			<location>body.leftArm</location>
			<rotation>0.284041926259363</rotation>
			<frame>2</frame>
		</part>
		<part>
			<location>body.rightLeg</location>
			<rotation>12.0047755755297</rotation>
			<frame>6</frame>
		</part>
		<part>
			<location>body.leftLeg</location>
			<rotation>-10.6399633438195</rotation>
			<frame>16</frame>
		</part>
		<part>
			<location>body.leftLeg.foot</location>
			<rotation>-8.39140667957081</rotation>
			<frame>4</frame>
		</part>
		<part>
			<location>body.rightLeg.foot</location>
			<rotation>-11.0643000371322</rotation>
			<frame>10</frame>
		</part>
	</frame>
	<frame>
		<part>
			<location>body.rightArm</location>
			<rotation>-1.32012999889484</rotation>
			<frame>4</frame>
		</part>
		<part>
			<location>body.leftArm</location>
			<rotation>-0.535074359553676</rotation>
			<frame>2</frame>
		</part>
		<part>
			<location>body.rightLeg</location>
			<rotation>9.10849306188106</rotation>
			<frame>6</frame>
		</part>
		<part>
			<location>body.leftLeg</location>
			<rotation>-12.1823896146903</rotation>
			<frame>16</frame>
		</part>
		<part>
			<location>body.rightLeg.foot</location>
			<rotation>-10.0166724375813</rotation>
			<frame>10</frame>
		</part>
	</frame>
	<frame>
		<part>
			<location>body.rightArm</location>
			<rotation>-2.95954065310599</rotation>
			<frame>4</frame>
		</part>
		<part>
			<location>body.leftArm</location>
			<rotation>-2.95954065310599</rotation>
			<frame>2</frame>
		</part>
		<part>
			<location>body.rightLeg</location>
			<rotation>7.10503876071925</rotation>
			<frame>6</frame>
		</part>
		<part>
			<location>body.leftLeg</location>
			<rotation>-19.9515907107573</rotation>
			<frame>16</frame>
		</part>
		<part>
			<location>body.rightLeg.foot</location>
			<rotation>-7.18341873169166</rotation>
			<frame>10</frame>
		</part>
	</frame>
	<frame>
		<part>
			<location>body.rightArm</location>
			<rotation>-5.23356295233857</rotation>
			<frame>4</frame>
		</part>
		<part>
			<location>body.leftArm</location>
			<rotation>-5.23356295233856</rotation>
			<frame>2</frame>
		</part>
		<part>
			<location>body.rightLeg</location>
			<rotation>5.54180478768495</rotation>
			<frame>6</frame>
		</part>
		<part>
			<location>body.leftLeg</location>
			<rotation>-23.5719191862664</rotation>
			<frame>16</frame>
		</part>
	</frame>
	<frame>
		<part>
			<location>body.rightArm</location>
			<rotation>-6.94515577428935</rotation>
			<frame>4</frame>
		</part>
		<part>
			<location>body.leftArm</location>
			<rotation>-9.33066855301753</rotation>
			<frame>2</frame>
		</part>
		<part>
			<location>body.rightLeg</location>
			<rotation>3.8751492586307</rotation>
			<frame>6</frame>
		</part>
		<part>
			<location>body.leftLeg</location>
			<rotation>-28.9939014160651</rotation>
			<frame>8</frame>
		</part>
		<part>
			<location>body.leftLeg.foot</location>
			<rotation>34.1561417063814</rotation>
			<frame>12</frame>
		</part>
		<part>
			<location>body.rightLeg.foot</location>
			<rotation>-3.70737291088847</rotation>
			<frame>10</frame>
		</part>
	</frame>
	<frame>
		<part>
			<location>body.rightArm</location>
			<rotation>-7.63657223429483</rotation>
			<frame>4</frame>
		</part>
		<part>
			<location>body.leftArm</location>
			<rotation>-11.0564129982733</rotation>
			<frame>2</frame>
		</part>
		<part>
			<location>body.rightLeg</location>
			<rotation>3.16615192099255</rotation>
			<frame>6</frame>
		</part>
		<part>
			<location>body.leftLeg</location>
			<rotation>-26.5469023864991</rotation>
			<frame>8</frame>
		</part>
		<part>
			<location>body.head</location>
			<rotation>2.9041974235019</rotation>
			<frame>1</frame>
		</part>
	</frame>
	<frame>
		<part>
			<location>body.leftArm</location>
			<rotation>-17.5200545858836</rotation>
			<frame>2</frame>
		</part>
		<part>
			<location>body.rightArm</location>
			<rotation>-9.10733433072458</rotation>
			<frame>4</frame>
		</part>
		<part>
			<location>body.leftLeg</location>
			<rotation>-22.2548106867268</rotation>
			<frame>8</frame>
		</part>
		<part>
			<location>body.rightLeg</location>
			<rotation>5.04460591583086</rotation>
			<frame>6</frame>
		</part>
		<part>
			<location>body.rightLeg.foot</location>
			<rotation>-4.33289368940802</rotation>
			<frame>10</frame>
		</part>
		<part>
			<location>body.leftLeg.foot</location>
			<rotation>22.7173963382376</rotation>
			<frame>12</frame>
		</part>
	</frame>
	<frame>
		<part>
			<location>body.rightArm</location>
			<rotation>-6.84908423448945</rotation>
			<frame>4</frame>
		</part>
		<part>
			<location>body.leftArm</location>
			<rotation>-15.1702780424973</rotation>
			<frame>2</frame>
		</part>
		<part>
			<location>body.leftLeg</location>
			<rotation>-20.3753470528111</rotation>
			<frame>8</frame>
		</part>
		<part>
			<location>body.rightLeg</location>
			<rotation>6.13222251682879</rotation>
			<frame>6</frame>
		</part>
		<part>
			<location>body.leftLeg.foot</location>
			<rotation>20.3006459279129</rotation>
			<frame>12</frame>
		</part>
	</frame>
	<frame>
		<part>
			<location>body.rightArm</location>
			<rotation>-5.34074060983191</rotation>
			<frame>4</frame>
		</part>
		<part>
			<location>body.leftArm</location>
			<rotation>-12.364741355193</rotation>
			<frame>2</frame>
		</part>
		<part>
			<location>body.leftLeg</location>
			<rotation>-17.5597880409064</rotation>
			<frame>8</frame>
		</part>
		<part>
			<location>body.rightLeg</location>
			<rotation>6.2419143665395</rotation>
			<frame>22</frame>
		</part>
		<part>
			<location>body.leftLeg.foot</location>
			<rotation>18.459647776155</rotation>
			<frame>12</frame>
		</part>
		<part>
			<location>body.rightLeg.foot</location>
			<rotation>0</rotation>
			<frame>2</frame>
		</part>
	</frame>
	<frame>
		<part>
			<location>body.rightArm</location>
			<rotation>-2.91827824142692</rotation>
			<frame>4</frame>
		</part>
		<part>
			<location>body.leftArm</location>
			<rotation>-10.1190538896063</rotation>
			<frame>2</frame>
		</part>
		<part>
			<location>body.leftLeg</location>
			<rotation>-14.6602322545037</rotation>
			<frame>8</frame>
		</part>
		<part>
			<location>body.rightLeg</location>
			<rotation>12.938056334782</rotation>
			<frame>22</frame>
		</part>
		<part>
			<location>body.leftLeg.foot</location>
			<rotation>14.5868702004216</rotation>
			<frame>12</frame>
		</part>
		<part>
			<location>body.rightLeg.foot</location>
			<rotation>0</rotation>
			<frame>2</frame>
		</part>
	</frame>
	<frame>
		<part>
			<location>body.rightArm</location>
			<rotation>-0.527495834242956</rotation>
			<frame>4</frame>
		</part>
		<part>
			<location>body.leftArm</location>
			<rotation>-7.14557459424771</rotation>
			<frame>2</frame>
		</part>
		<part>
			<location>body.leftLeg</location>
			<rotation>-13.7179368738926</rotation>
			<frame>8</frame>
		</part>
		<part>
			<location>body.rightLeg</location>
			<rotation>18.8702678346943</rotation>
			<frame>22</frame>
		</part>
		<part>
			<location>body.leftLeg.foot</location>
			<rotation>13.3281756581138</rotation>
			<frame>12</frame>
		</part>
		<part>
			<location>body.head</location>
			<rotation>0.921869818096184</rotation>
			<frame>1</frame>
		</part>
		<part>
			<location>body.rightLeg.foot</location>
			<rotation>0</rotation>
			<frame>2</frame>
		</part>
	</frame>
	<frame>
		<part>
			<location>body.rightArm</location>
			<rotation>1.09546569991903</rotation>
			<frame>4</frame>
		</part>
		<part>
			<location>body.leftArm</location>
			<rotation>-4.51189567213352</rotation>
			<frame>2</frame>
		</part>
		<part>
			<location>body.leftLeg</location>
			<rotation>-11.6040719805024</rotation>
			<frame>8</frame>
		</part>
		<part>
			<location>body.rightLeg</location>
			<rotation>18.6599084605413</rotation>
			<frame>14</frame>
		</part>
		<part>
			<location>body.rightLeg.foot</location>
			<rotation>0</rotation>
			<frame>2</frame>
		</part>
	</frame>
	<frame>
		<part>
			<location>body.rightArm</location>
			<rotation>1.87984310721174</rotation>
			<frame>4</frame>
		</part>
		<part>
			<location>body.leftArm</location>
			<rotation>-3.82227050253289</rotation>
			<frame>2</frame>
		</part>
		<part>
			<location>body.leftLeg</location>
			<rotation>-10.04934860638</rotation>
			<frame>8</frame>
		</part>
		<part>
			<location>body.rightLeg</location>
			<rotation>21.0967375856093</rotation>
			<frame>14</frame>
		</part>
		<part>
			<location>body.leftLeg.foot</location>
			<rotation>10.4008520667227</rotation>
			<frame>12</frame>
		</part>
	</frame>
	<frame>
		<part>
			<location>body.rightArm</location>
			<rotation>4.27323813079897</rotation>
			<frame>4</frame>
		</part>
		<part>
			<location>body.leftArm</location>
			<rotation>-2.87814962908283</rotation>
			<frame>2</frame>
		</part>
		<part>
			<location>body.leftLeg</location>
			<rotation>-6.80203367293673</rotation>
			<frame>8</frame>
		</part>
		<part>
			<location>body.rightLeg</location>
			<rotation>22.7018389821765</rotation>
			<frame>14</frame>
		</part>
		<part>
			<location>body.leftLeg.foot</location>
			<rotation>6.99259545036496</rotation>
			<frame>12</frame>
		</part>
	</frame>
	<frame>
		<part>
			<location>body.rightArm</location>
			<rotation>5.86108977759409</rotation>
			<frame>4</frame>
		</part>
		<part>
			<location>body.leftArm</location>
			<rotation>-0.505995787860371</rotation>
			<frame>2</frame>
		</part>
		<part>
			<location>body.leftLeg</location>
			<rotation>-3.74186343505441</rotation>
			<frame>8</frame>
		</part>
		<part>
			<location>body.rightLeg</location>
			<rotation>25.9972960017454</rotation>
			<frame>14</frame>
		</part>
		<part>
			<location>body.leftLeg.foot</location>
			<rotation>2.43678963208055</rotation>
			<frame>12</frame>
		</part>
	</frame>
	<frame>
		<part>
			<location>body.rightArm</location>
			<rotation>6.70512810065924</rotation>
			<frame>4</frame>
		</part>
		<part>
			<location>body.leftArm</location>
			<rotation>1.85396814795524</rotation>
			<frame>2</frame>
		</part>
		<part>
			<location>body.leftLeg</location>
			<rotation>-2.13450869872749</rotation>
			<frame>8</frame>
		</part>
		<part>
			<location>body.rightLeg</location>
			<rotation>35.3524835333095</rotation>
			<frame>6</frame>
		</part>
		<part>
			<location>body.rightLeg.foot</location>
			<rotation>-29.7947920196723</rotation>
			<frame>10</frame>
		</part>
	</frame>
	<frame>
		<part>
			<location>body.rightArm</location>
			<rotation>8.30045602200568</rotation>
			<frame>4</frame>
		</part>
		<part>
			<location>body.leftArm</location>
			<rotation>4.27323813079897</rotation>
			<frame>2</frame>
		</part>
		<part>
			<location>body.leftLeg</location>
			<rotation>-1.31097835074874</rotation>
			<frame>8</frame>
		</part>
		<part>
			<location>body.rightLeg</location>
			<rotation>34.1166348182485</rotation>
			<frame>6</frame>
		</part>
		<part>
			<location>body.leftLeg.foot</location>
			<rotation>1.45603066773694</rotation>
			<frame>12</frame>
		</part>
	</frame>
	<frame>
		<part>
			<location>body.rightArm</location>
			<rotation>9.35393592013855</rotation>
			<frame>4</frame>
		</part>
		<part>
			<location>body.leftArm</location>
			<rotation>7.50425479762782</rotation>
			<frame>2</frame>
		</part>
		<part>
			<location>body.leftLeg</location>
			<rotation>1.043734786372</rotation>
			<frame>8</frame>
		</part>
		<part>
			<location>body.rightLeg</location>
			<rotation>30.208596019726</rotation>
			<frame>6</frame>
		</part>
		<part>
			<location>body.leftLeg.foot</location>
			<rotation>-3.5362129225858</rotation>
			<frame>12</frame>
		</part>
	</frame>
</S_Walk>
