<SE_Item>
	<frame>
		<part>
			<location>body</location>
			<rotation>0</rotation>
			<frame>2</frame>
		</part>
		<part>
			<location>body.rightLeg</location>
			<rotation>3.14773503846897</rotation>
			<frame>8</frame>
		</part>
		<part>
			<location>body.leftLeg</location>
			<rotation>-8.47953128166786</rotation>
			<frame>1</frame>
		</part>
		<part>
			<location>body.rightLeg.foot</location>
			<rotation>-2.30857588468979</rotation>
			<frame>12</frame>
		</part>
		<part>
			<location>body.leftLeg.foot</location>
			<rotation>5.71867560814709</rotation>
			<frame>13</frame>
		</part>
		<part>
			<location>body.rightArm</location>
			<rotation>-7.73942476772459</rotation>
			<frame>12</frame>
		</part>
		<part>
			<location>body.rightArm.hand</location>
			<rotation>-23.4417445194321</rotation>
			<frame>1</frame>
		</part>
		<part>
			<location>body.leftArm</location>
			<rotation>-5.74060665819081</rotation>
			<frame>4</frame>
		</part>
		<part>
			<location>body.head</location>
			<rotation>18.0694304837712</rotation>
			<frame>2</frame>
		</part>
		<part>
			<location>body.leftArm.hand</location>
			<rotation>-14.3356591107507</rotation>
			<frame>9</frame>
		</part>
	</frame>
</SE_Item>
