<SE_Idle>
	<frame>
		<part>
			<location>body</location>
			<rotation>0</rotation>
			<frame>2</frame>
		</part>
		<part>
			<location>body.rightLeg</location>
			<rotation>1.08776386068536</rotation>
			<frame>8</frame>
		</part>
		<part>
			<location>body.leftLeg</location>
			<rotation>-0.546859429901644</rotation>
			<frame>1</frame>
		</part>
		<part>
			<location>body.rightLeg.foot</location>
			<rotation>-2.29009138176983</rotation>
			<frame>12</frame>
		</part>
		<part>
			<location>body.leftLeg.foot</location>
			<rotation>2.02947802978315</rotation>
			<frame>12</frame>
		</part>
		<part>
			<location>body.rightArm</location>
			<rotation>-0.12003290255717</rotation>
			<frame>4</frame>
		</part>
		<part>
			<location>body.leftArm</location>
			<rotation>-0.550903999642429</rotation>
			<frame>4</frame>
		</part>
		<part>
			<location>body.head</location>
			<rotation>-0.665133313125565</rotation>
			<frame>2</frame>
		</part>
	</frame>
	<frame>
	</frame>
	<frame>
	</frame>
	<frame>
	</frame>
	<frame>
	</frame>
	<frame>
	</frame>
	<frame>
		<part>
			<location>body.rightArm</location>
			<rotation>-0.907501898863458</rotation>
			<frame>4</frame>
		</part>
	</frame>
	<frame>
	</frame>
	<frame>
	</frame>
	<frame>
	</frame>
	<frame>
		<part>
			<location>body.leftArm</location>
			<rotation>-1.32012999889483</rotation>
			<frame>4</frame>
		</part>
	</frame>
	<frame>
	</frame>
	<frame>
	</frame>
	<frame>
	</frame>
	<frame>
		<part>
			<location>body.rightLeg</location>
			<rotation>1.05800974010248</rotation>
			<frame>8</frame>
		</part>
	</frame>
</SE_Idle>
