<SE_Shoot>
	<frame>
		<part>
			<location>body</location>
			<rotation>0</rotation>
			<frame>2</frame>
		</part>
		<part>
			<location>body.rightArm</location>
			<rotation>-0.118298089545519</rotation>
			<frame>4</frame>
		</part>
		<part>
			<location>body.leftArm</location>
			<rotation>-0.935192284215731</rotation>
			<frame>4</frame>
		</part>
		<part>
			<location>body.rightLeg</location>
			<rotation>-1.17825773198011</rotation>
			<frame>8</frame>
		</part>
		<part>
			<location>body.leftLeg</location>
			<rotation>0.645104688908361</rotation>
			<frame>1</frame>
		</part>
		<part>
			<location>body.rightLeg.foot</location>
			<rotation>1.1782577525298</rotation>
			<frame>12</frame>
		</part>
		<part>
			<location>body.leftLeg.foot</location>
			<rotation>-0.357188601867335</rotation>
			<frame>12</frame>
		</part>
		<part>
			<location>body.head</location>
			<rotation>2.05496917260461e-8</rotation>
			<frame>2</frame>
		</part>
	</frame>
	<frame>
		<part>
			<location>body.rightArm</location>
			<rotation>-5.26965310203822</rotation>
			<frame>4</frame>
		</part>
		<part>
			<location>body.rightArm.hand</location>
			<rotation>4.97955034792663</rotation>
			<frame>1</frame>
		</part>
	</frame>
	<frame>
		<part>
			<location>body.rightArm</location>
			<rotation>-17.4063475601103</rotation>
			<frame>4</frame>
		</part>
		<part>
			<location>body.rightArm.hand</location>
			<rotation>17.0815245531046</rotation>
			<frame>1</frame>
		</part>
	</frame>
	<frame>
		<part>
			<location>body.rightArm</location>
			<rotation>-41.3929301634359</rotation>
			<frame>4</frame>
		</part>
		<part>
			<location>body.rightLeg</location>
			<rotation>1.49758775922521</rotation>
			<frame>8</frame>
		</part>
		<part>
			<location>body.rightArm.hand</location>
			<rotation>42.9986270779059</rotation>
			<frame>1</frame>
		</part>
	</frame>
	<frame>
		<part>
			<location>body.rightArm</location>
			<rotation>-58.0477422170087</rotation>
			<frame>4</frame>
		</part>
		<part>
			<location>body.leftArm</location>
			<rotation>0.76594074754928</rotation>
			<frame>4</frame>
		</part>
		<part>
			<location>body.head</location>
			<rotation>1.40340208762206</rotation>
			<frame>2</frame>
		</part>
		<part>
			<location>body.rightArm.hand</location>
			<rotation>59.0001038414417</rotation>
			<frame>1</frame>
		</part>
	</frame>
	<frame>
		<part>
			<location>body.rightArm</location>
			<rotation>-63.9941622821816</rotation>
			<frame>4</frame>
		</part>
		<part>
			<location>body.rightLeg</location>
			<rotation>2.30330437496434</rotation>
			<frame>8</frame>
		</part>
		<part>
			<location>body.rightLeg.foot</location>
			<rotation>-0.360387286269599</rotation>
			<frame>12</frame>
		</part>
		<part>
			<location>body.rightArm.hand</location>
			<rotation>64.0383379142554</rotation>
			<frame>1</frame>
		</part>
	</frame>
	<frame>
		<part>
			<location>body.rightArm</location>
			<rotation>-85.4773916397057</rotation>
			<frame>4</frame>
		</part>
		<part>
			<location>body.leftArm</location>
			<rotation>4.18016879370015</rotation>
			<frame>4</frame>
		</part>
		<part>
			<location>body.rightArm.hand</location>
			<rotation>83.4789007254734</rotation>
			<frame>1</frame>
		</part>
	</frame>
	<frame>
		<part>
			<location>body</location>
			<rotation>0</rotation>
			<frame>2</frame>
		</part>
		<part>
			<location>body.rightArm</location>
			<rotation>-83.314860240331</rotation>
			<frame>4</frame>
		</part>
		<part>
			<location>body.head</location>
			<rotation>2.48955294198043</rotation>
			<frame>2</frame>
		</part>
		<part>
			<location>body.rightArm.hand</location>
			<rotation>82.6498497856205</rotation>
			<frame>1</frame>
		</part>
	</frame>
	<frame>
		<part>
			<location>body.rightArm</location>
			<rotation>-81.0735920752988</rotation>
			<frame>4</frame>
		</part>
		<part>
			<location>body.rightArm.hand</location>
			<rotation>81.020833525001</rotation>
			<frame>1</frame>
		</part>
	</frame>
	<frame>
		<part>
			<location>body.rightArm</location>
			<rotation>-69.4549136678723</rotation>
			<frame>4</frame>
		</part>
		<part>
			<location>body.leftArm</location>
			<rotation>2.89363548315481</rotation>
			<frame>4</frame>
		</part>
		<part>
			<location>body.rightArm.hand</location>
			<rotation>68.9898607150011</rotation>
			<frame>1</frame>
		</part>
	</frame>
	<frame>
		<part>
			<location>body.rightArm</location>
			<rotation>-56.6108808190956</rotation>
			<frame>4</frame>
		</part>
		<part>
			<location>body.rightLeg</location>
			<rotation>0.568875591079177</rotation>
			<frame>8</frame>
		</part>
		<part>
			<location>body.rightArm.hand</location>
			<rotation>54.9089137844129</rotation>
			<frame>1</frame>
		</part>
	</frame>
	<frame>
		<part>
			<location>body.rightArm</location>
			<rotation>-43.0322978043556</rotation>
			<frame>4</frame>
		</part>
		<part>
			<location>body.leftArm</location>
			<rotation>0.782680560963911</rotation>
			<frame>4</frame>
		</part>
		<part>
			<location>body.head</location>
			<rotation>1.47567732836217</rotation>
			<frame>2</frame>
		</part>
		<part>
			<location>body.rightArm.hand</location>
			<rotation>33.5522451810134</rotation>
			<frame>1</frame>
		</part>
	</frame>
	<frame>
		<part>
			<location>body.rightArm</location>
			<rotation>-28.622300097152</rotation>
			<frame>4</frame>
		</part>
		<part>
			<location>body.rightArm.hand</location>
			<rotation>23.6747012187423</rotation>
			<frame>1</frame>
		</part>
	</frame>
	<frame>
		<part>
			<location>body.rightArm</location>
			<rotation>-14.4027182517508</rotation>
			<frame>4</frame>
		</part>
		<part>
			<location>body.leftArm</location>
			<rotation>-2.66023465568422</rotation>
			<frame>4</frame>
		</part>
		<part>
			<location>body.rightLeg</location>
			<rotation>-0.772024082253907</rotation>
			<frame>8</frame>
		</part>
		<part>
			<location>body.rightArm.hand</location>
			<rotation>3.485135037506</rotation>
			<frame>1</frame>
		</part>
	</frame>
</SE_Shoot>
