<SE_Use>
	<frame>
		<part>
			<location>body</location>
			<rotation>0</rotation>
			<frame>2</frame>
		</part>
		<part>
			<location>body.rightLeg</location>
			<rotation>-0.523786507093178</rotation>
			<frame>8</frame>
		</part>
		<part>
			<location>body.leftLeg</location>
			<rotation>-2.16492941014073</rotation>
			<frame>1</frame>
		</part>
		<part>
			<location>body.rightLeg.foot</location>
			<rotation>-2.30150527118144</rotation>
			<frame>12</frame>
		</part>
		<part>
			<location>body.leftLeg.foot</location>
			<rotation>0.71471309898881</rotation>
			<frame>12</frame>
		</part>
		<part>
			<location>body.leftArm</location>
			<rotation>-2.30702610553467</rotation>
			<frame>4</frame>
		</part>
	</frame>
	<frame>
		<part>
			<location>body.leftArm</location>
			<rotation>-31.3457227501951</rotation>
			<frame>4</frame>
		</part>
	</frame>
	<frame>
		<part>
			<location>body.leftArm</location>
			<rotation>-90.633713297348</rotation>
			<frame>4</frame>
		</part>
	</frame>
	<frame>
	</frame>
	<frame>
	</frame>
	<frame>
	</frame>
	<frame>
	</frame>
	<frame>
		<part>
			<location>body.leftArm</location>
			<rotation>-53.5186013398761</rotation>
			<frame>4</frame>
		</part>
	</frame>
	<frame>
		<part>
			<location>body.leftArm</location>
			<rotation>-21.8627062665657</rotation>
			<frame>4</frame>
		</part>
	</frame>
	<frame>
		<part>
			<location>body.leftArm</location>
			<rotation>-11.8112209110734</rotation>
			<frame>4</frame>
		</part>
	</frame>
</SE_Use>
