<SE_Walk>
	<frame>
		<part>
			<location>body</location>
			<rotation>0</rotation>
			<frame>2</frame>
		</part>
		<part>
			<location>body.rightArm</location>
			<rotation>-19.2829170127994</rotation>
			<frame>4</frame>
		</part>
		<part>
			<location>body.leftArm</location>
			<rotation>9.48756821706996</rotation>
			<frame>4</frame>
		</part>
		<part>
			<location>body.rightLeg</location>
			<rotation>22.9429193976139</rotation>
			<frame>8</frame>
		</part>
		<part>
			<location>body.leftLeg</location>
			<rotation>-24.7539303997848</rotation>
			<frame>1</frame>
		</part>
		<part>
			<location>body.rightLeg.foot</location>
			<rotation>-23.2517885528449</rotation>
			<frame>12</frame>
		</part>
		<part>
			<location>body.leftLeg.foot</location>
			<rotation>26.9663372632238</rotation>
			<frame>12</frame>
		</part>
		<part>
			<location>body.head</location>
			<rotation>-4.02199019665134</rotation>
			<frame>2</frame>
		</part>
	</frame>
	<frame>
		<part>
			<location>body.rightArm</location>
			<rotation>-16.8652528931268</rotation>
			<frame>4</frame>
		</part>
		<part>
			<location>body.leftArm</location>
			<rotation>8.18610995960449</rotation>
			<frame>4</frame>
		</part>
		<part>
			<location>body.leftLeg</location>
			<rotation>-21.4286727003071</rotation>
			<frame>1</frame>
		</part>
		<part>
			<location>body.leftLeg.foot</location>
			<rotation>19.7803281752377</rotation>
			<frame>12</frame>
		</part>
		<part>
			<location>body.rightLeg</location>
			<rotation>19.3788020443529</rotation>
			<frame>8</frame>
		</part>
		<part>
			<location>body.rightLeg.foot</location>
			<rotation>-14.1843731172545</rotation>
			<frame>12</frame>
		</part>
	</frame>
	<frame>
		<part>
			<location>body.rightArm</location>
			<rotation>-12.8463514860069</rotation>
			<frame>4</frame>
		</part>
		<part>
			<location>body.leftArm</location>
			<rotation>5.90337228459509</rotation>
			<frame>4</frame>
		</part>
		<part>
			<location>body.leftLeg</location>
			<rotation>-19.3009676914077</rotation>
			<frame>1</frame>
		</part>
		<part>
			<location>body.leftLeg.foot</location>
			<rotation>17.3067948998655</rotation>
			<frame>12</frame>
		</part>
		<part>
			<location>body.rightLeg</location>
			<rotation>15.2551187201242</rotation>
			<frame>8</frame>
		</part>
		<part>
			<location>body.rightLeg.foot</location>
			<rotation>-10.2818509932559</rotation>
			<frame>12</frame>
		</part>
	</frame>
	<frame>
		<part>
			<location>body.rightArm</location>
			<rotation>-8.69278113552834</rotation>
			<frame>4</frame>
		</part>
		<part>
			<location>body.leftArm</location>
			<rotation>3.47668532871893</rotation>
			<frame>4</frame>
		</part>
		<part>
			<location>body.leftLeg</location>
			<rotation>-16.0564556343313</rotation>
			<frame>1</frame>
		</part>
		<part>
			<location>body.leftLeg.foot</location>
			<rotation>15.7252698254419</rotation>
			<frame>12</frame>
		</part>
		<part>
			<location>body.rightLeg</location>
			<rotation>11.9023859813678</rotation>
			<frame>16</frame>
		</part>
		<part>
			<location>body.rightLeg.foot</location>
			<rotation>-9.13711812873055</rotation>
			<frame>4</frame>
		</part>
	</frame>
	<frame>
		<part>
			<location>body.rightArm</location>
			<rotation>-7.14444195768887</rotation>
			<frame>4</frame>
		</part>
		<part>
			<location>body.leftArm</location>
			<rotation>0.284041926259363</rotation>
			<frame>4</frame>
		</part>
		<part>
			<location>body.leftLeg</location>
			<rotation>-8.47953128166786</rotation>
			<frame>1</frame>
		</part>
		<part>
			<location>body.leftLeg.foot</location>
			<rotation>8.68863905810043</rotation>
			<frame>12</frame>
		</part>
		<part>
			<location>body.rightLeg</location>
			<rotation>7.31164691134757</rotation>
			<frame>16</frame>
		</part>
		<part>
			<location>body.rightLeg.foot</location>
			<rotation>-10.8173744895515</rotation>
			<frame>4</frame>
		</part>
	</frame>
	<frame>
		<part>
			<location>body.rightArm</location>
			<rotation>-2.55470377414522</rotation>
			<frame>4</frame>
		</part>
		<part>
			<location>body.leftArm</location>
			<rotation>-3.66476510959363</rotation>
			<frame>4</frame>
		</part>
		<part>
			<location>body.leftLeg</location>
			<rotation>-5.5772795789574</rotation>
			<frame>1</frame>
		</part>
		<part>
			<location>body.leftLeg.foot</location>
			<rotation>4.79364754930263</rotation>
			<frame>12</frame>
		</part>
		<part>
			<location>body.rightLeg</location>
			<rotation>3.54336600001466</rotation>
			<frame>16</frame>
		</part>
		<part>
			<location>body.rightLeg.foot</location>
			<rotation>-12.1392774555226</rotation>
			<frame>4</frame>
		</part>
	</frame>
	<frame>
		<part>
			<location>body.rightArm</location>
			<rotation>-0.907501898863458</rotation>
			<frame>4</frame>
		</part>
		<part>
			<location>body.leftArm</location>
			<rotation>-6.84908423448945</rotation>
			<frame>4</frame>
		</part>
		<part>
			<location>body.leftLeg</location>
			<rotation>-2.10493068051277</rotation>
			<frame>1</frame>
		</part>
		<part>
			<location>body.leftLeg.foot</location>
			<rotation>0.574184122240055</rotation>
			<frame>12</frame>
		</part>
		<part>
			<location>body.rightLeg</location>
			<rotation>-3.02779348973311</rotation>
			<frame>16</frame>
		</part>
		<part>
			<location>body.rightLeg.foot</location>
			<rotation>-18.3406834483871</rotation>
			<frame>4</frame>
		</part>
		<part>
			<location>body.head</location>
			<rotation>-4.02199019665134</rotation>
			<frame>2</frame>
		</part>
	</frame>
	<frame>
		<part>
			<location>body.rightArm</location>
			<rotation>2.34485340427841</rotation>
			<frame>4</frame>
		</part>
		<part>
			<location>body.leftArm</location>
			<rotation>-7.63657223429483</rotation>
			<frame>4</frame>
		</part>
		<part>
			<location>body.leftLeg</location>
			<rotation>8.02034047742887</rotation>
			<frame>1</frame>
		</part>
		<part>
			<location>body.leftLeg.foot</location>
			<rotation>-9.44575781417079</rotation>
			<frame>12</frame>
		</part>
		<part>
			<location>body.rightLeg</location>
			<rotation>-11.8886580574631</rotation>
			<frame>16</frame>
		</part>
		<part>
			<location>body.rightLeg.foot</location>
			<rotation>-14.76090012223</rotation>
			<frame>12</frame>
		</part>
	</frame>
	<frame>
		<part>
			<location>body.rightArm</location>
			<rotation>4.94596656652448</rotation>
			<frame>4</frame>
		</part>
		<part>
			<location>body.leftArm</location>
			<rotation>-9.46232222641474</rotation>
			<frame>4</frame>
		</part>
		<part>
			<location>body.leftLeg</location>
			<rotation>10.5953258776956</rotation>
			<frame>1</frame>
		</part>
		<part>
			<location>body.leftLeg.foot</location>
			<rotation>-12.246044225791</rotation>
			<frame>12</frame>
		</part>
		<part>
			<location>body.rightLeg</location>
			<rotation>-19.9610769632007</rotation>
			<frame>8</frame>
		</part>
		<part>
			<location>body.rightLeg.foot</location>
			<rotation>7.22516736242817</rotation>
			<frame>12</frame>
		</part>
	</frame>
	<frame>
		<part>
			<location>body.rightArm</location>
			<rotation>8.24872700563094</rotation>
			<frame>4</frame>
		</part>
		<part>
			<location>body.leftArm</location>
			<rotation>-11.3751153756979</rotation>
			<frame>4</frame>
		</part>
		<part>
			<location>body.leftLeg</location>
			<rotation>13.8630286903345</rotation>
			<frame>1</frame>
		</part>
		<part>
			<location>body.leftLeg.foot</location>
			<rotation>-11.9919626211783</rotation>
			<frame>12</frame>
		</part>
		<part>
			<location>body.rightLeg</location>
			<rotation>-22.0258988946978</rotation>
			<frame>8</frame>
		</part>
		<part>
			<location>body.rightLeg.foot</location>
			<rotation>14.8107240182816</rotation>
			<frame>12</frame>
		</part>
	</frame>
	<frame>
		<part>
			<location>body.rightArm</location>
			<rotation>10.2762771652218</rotation>
			<frame>4</frame>
		</part>
		<part>
			<location>body.leftArm</location>
			<rotation>-15.6039471620436</rotation>
			<frame>4</frame>
		</part>
		<part>
			<location>body.leftLeg</location>
			<rotation>17.0722687123838</rotation>
			<frame>1</frame>
		</part>
		<part>
			<location>body.leftLeg.foot</location>
			<rotation>-17.4467456195707</rotation>
			<frame>12</frame>
		</part>
		<part>
			<location>body.rightLeg</location>
			<rotation>-21.4286727003071</rotation>
			<frame>8</frame>
		</part>
		<part>
			<location>body.rightLeg.foot</location>
			<rotation>18.9025557687147</rotation>
			<frame>12</frame>
		</part>
		<part>
			<location>body.head</location>
			<rotation>-4.02199019665134</rotation>
			<frame>2</frame>
		</part>
	</frame>
	<frame>
		<part>
			<location>body.rightArm</location>
			<rotation>12.5288077268405</rotation>
			<frame>4</frame>
		</part>
		<part>
			<location>body.leftArm</location>
			<rotation>-17.6816044698743</rotation>
			<frame>4</frame>
		</part>
		<part>
			<location>body.leftLeg</location>
			<rotation>20.4442990514953</rotation>
			<frame>1</frame>
		</part>
		<part>
			<location>body.leftLeg.foot</location>
			<rotation>-20.7721683372761</rotation>
			<frame>12</frame>
		</part>
		<part>
			<location>body.rightLeg</location>
			<rotation>-21.5876202720953</rotation>
			<frame>8</frame>
		</part>
		<part>
			<location>body.rightLeg.foot</location>
			<rotation>19.2487763750915</rotation>
			<frame>12</frame>
		</part>
	</frame>
	<frame>
		<part>
			<location>body.rightArm</location>
			<rotation>13.4201835770127</rotation>
			<frame>4</frame>
		</part>
		<part>
			<location>body.leftArm</location>
			<rotation>-21.5793339492808</rotation>
			<frame>4</frame>
		</part>
		<part>
			<location>body.leftLeg</location>
			<rotation>26.335939790924</rotation>
			<frame>1</frame>
		</part>
		<part>
			<location>body.rightLeg</location>
			<rotation>-15.7161681770708</rotation>
			<frame>8</frame>
		</part>
		<part>
			<location>body.rightLeg.foot</location>
			<rotation>16.1325546135085</rotation>
			<frame>12</frame>
		</part>
		<part>
			<location>body.leftLeg.foot</location>
			<rotation>-23.699181344836</rotation>
			<frame>13</frame>
		</part>
	</frame>
	<frame>
		<part>
			<location>body.rightArm</location>
			<rotation>11.8395684397447</rotation>
			<frame>4</frame>
		</part>
		<part>
			<location>body.leftArm</location>
			<rotation>-21.1069019254921</rotation>
			<frame>4</frame>
		</part>
		<part>
			<location>body.rightLeg</location>
			<rotation>-11.7650249770316</rotation>
			<frame>8</frame>
		</part>
		<part>
			<location>body.rightLeg.foot</location>
			<rotation>12.4063688763774</rotation>
			<frame>12</frame>
		</part>
		<part>
			<location>body.leftLeg</location>
			<rotation>24.4613308424958</rotation>
			<frame>1</frame>
		</part>
	</frame>
	<frame>
		<part>
			<location>body.rightArm</location>
			<rotation>8.46128816118903</rotation>
			<frame>4</frame>
		</part>
		<part>
			<location>body.leftArm</location>
			<rotation>-14.8028314089141</rotation>
			<frame>4</frame>
		</part>
		<part>
			<location>body.rightLeg</location>
			<rotation>-8.72123752813961</rotation>
			<frame>8</frame>
		</part>
		<part>
			<location>body.rightLeg.foot</location>
			<rotation>9.33318522129137</rotation>
			<frame>12</frame>
		</part>
		<part>
			<location>body.leftLeg</location>
			<rotation>21.8092367941563</rotation>
			<frame>1</frame>
		</part>
		<part>
			<location>body.leftLeg.foot</location>
			<rotation>-17.625987338785</rotation>
			<frame>13</frame>
		</part>
	</frame>
	<frame>
		<part>
			<location>body.rightArm</location>
			<rotation>6.21720193352371</rotation>
			<frame>4</frame>
		</part>
		<part>
			<location>body.leftArm</location>
			<rotation>-13.9980463045968</rotation>
			<frame>4</frame>
		</part>
		<part>
			<location>body.rightLeg</location>
			<rotation>-7.30360549454083</rotation>
			<frame>8</frame>
		</part>
		<part>
			<location>body.leftLeg</location>
			<rotation>19.7765589144991</rotation>
			<frame>9</frame>
		</part>
		<part>
			<location>body.leftLeg.foot</location>
			<rotation>2.37228490360803</rotation>
			<frame>13</frame>
		</part>
		<part>
			<location>body.head</location>
			<rotation>-3.73139701885803</rotation>
			<frame>2</frame>
		</part>
	</frame>
	<frame>
		<part>
			<location>body.rightArm</location>
			<rotation>3.9298672666369</rotation>
			<frame>4</frame>
		</part>
		<part>
			<location>body.leftArm</location>
			<rotation>-11.6840019071997</rotation>
			<frame>4</frame>
		</part>
		<part>
			<location>body.leftLeg.foot</location>
			<rotation>-23.699181344836</rotation>
			<frame>5</frame>
		</part>
		<part>
			<location>body.rightLeg</location>
			<rotation>-4.4807343787059</rotation>
			<frame>8</frame>
		</part>
		<part>
			<location>body.rightLeg.foot</location>
			<rotation>5.95710290873154</rotation>
			<frame>12</frame>
		</part>
		<part>
			<location>body.leftLeg</location>
			<rotation>14.939152550908</rotation>
			<frame>9</frame>
		</part>
	</frame>
	<frame>
		<part>
			<location>body.rightArm</location>
			<rotation>-0.907501898863458</rotation>
			<frame>4</frame>
		</part>
		<part>
			<location>body.leftArm</location>
			<rotation>-10.4077113306633</rotation>
			<frame>4</frame>
		</part>
		<part>
			<location>body.rightLeg</location>
			<rotation>-1.3294102934034</rotation>
			<frame>8</frame>
		</part>
		<part>
			<location>body.rightLeg.foot</location>
			<rotation>1.48638465955504</rotation>
			<frame>12</frame>
		</part>
		<part>
			<location>body.leftLeg</location>
			<rotation>9.99410002843183</rotation>
			<frame>9</frame>
		</part>
	</frame>
	<frame>
		<part>
			<location>body.rightArm</location>
			<rotation>-2.51906984144193</rotation>
			<frame>4</frame>
		</part>
		<part>
			<location>body.leftArm</location>
			<rotation>-6.32185711619773</rotation>
			<frame>4</frame>
		</part>
		<part>
			<location>body.leftLeg.foot</location>
			<rotation>-15.6953583807497</rotation>
			<frame>13</frame>
		</part>
		<part>
			<location>body.rightLeg</location>
			<rotation>1.0726805334628</rotation>
			<frame>8</frame>
		</part>
		<part>
			<location>body.rightLeg.foot</location>
			<rotation>-2.4840301770376</rotation>
			<frame>12</frame>
		</part>
		<part>
			<location>body.leftLeg</location>
			<rotation>6.03877001529349</rotation>
			<frame>9</frame>
		</part>
	</frame>
	<frame>
		<part>
			<location>body.rightArm</location>
			<rotation>-3.36408198185873</rotation>
			<frame>4</frame>
		</part>
		<part>
			<location>body.leftArm</location>
			<rotation>-2.87814962908283</rotation>
			<frame>4</frame>
		</part>
		<part>
			<location>body.rightLeg</location>
			<rotation>5.94517854726394</rotation>
			<frame>8</frame>
		</part>
		<part>
			<location>body.rightLeg.foot</location>
			<rotation>-7.49963504388714</rotation>
			<frame>12</frame>
		</part>
		<part>
			<location>body.leftLeg</location>
			<rotation>3.67902102742232</rotation>
			<frame>9</frame>
		</part>
		<part>
			<location>body.leftLeg.foot</location>
			<rotation>-18.8850956512432</rotation>
			<frame>13</frame>
		</part>
		<part>
			<location>body.head</location>
			<rotation>-5.2471389209679</rotation>
			<frame>2</frame>
		</part>
	</frame>
	<frame>
		<part>
			<location>body.rightArm</location>
			<rotation>-5.12287984759605</rotation>
			<frame>4</frame>
		</part>
		<part>
			<location>body.leftArm</location>
			<rotation>-0.535074359553676</rotation>
			<frame>4</frame>
		</part>
		<part>
			<location>body.rightLeg</location>
			<rotation>7.45207746225282</rotation>
			<frame>8</frame>
		</part>
		<part>
			<location>body.rightLeg.foot</location>
			<rotation>-8.88218822830495</rotation>
			<frame>12</frame>
		</part>
		<part>
			<location>body.leftLeg</location>
			<rotation>-4.33949201351679</rotation>
			<frame>9</frame>
		</part>
		<part>
			<location>body.leftLeg.foot</location>
			<rotation>-13.214849633285</rotation>
			<frame>13</frame>
		</part>
	</frame>
	<frame>
		<part>
			<location>body.rightArm</location>
			<rotation>-7.14444195768887</rotation>
			<frame>4</frame>
		</part>
		<part>
			<location>body.leftArm</location>
			<rotation>8.30045602200568</rotation>
			<frame>4</frame>
		</part>
		<part>
			<location>body.rightLeg</location>
			<rotation>8.47804817343558</rotation>
			<frame>8</frame>
		</part>
		<part>
			<location>body.leftLeg</location>
			<rotation>-16.3762641219534</rotation>
			<frame>1</frame>
		</part>
		<part>
			<location>body.leftLeg.foot</location>
			<rotation>7.08637737342096</rotation>
			<frame>13</frame>
		</part>
	</frame>
	<frame>
		<part>
			<location>body.rightArm</location>
			<rotation>-11.9088212673219</rotation>
			<frame>4</frame>
		</part>
		<part>
			<location>body.leftArm</location>
			<rotation>12.2277065524069</rotation>
			<frame>4</frame>
		</part>
		<part>
			<location>body.rightLeg</location>
			<rotation>10.7429779180869</rotation>
			<frame>8</frame>
		</part>
		<part>
			<location>body.rightLeg.foot</location>
			<rotation>-12.3817834338281</rotation>
			<frame>12</frame>
		</part>
		<part>
			<location>body.leftLeg</location>
			<rotation>-18.3212919428285</rotation>
			<frame>1</frame>
		</part>
		<part>
			<location>body.leftLeg.foot</location>
			<rotation>16.0306818801633</rotation>
			<frame>13</frame>
		</part>
	</frame>
	<frame>
		<part>
			<location>body.rightArm</location>
			<rotation>-15.5585668643753</rotation>
			<frame>4</frame>
		</part>
		<part>
			<location>body.leftArm</location>
			<rotation>11.4503248098438</rotation>
			<frame>4</frame>
		</part>
		<part>
			<location>body.rightLeg</location>
			<rotation>15.6053330596656</rotation>
			<frame>8</frame>
		</part>
		<part>
			<location>body.rightLeg.foot</location>
			<rotation>-16.0339718128194</rotation>
			<frame>12</frame>
		</part>
		<part>
			<location>body.leftLeg</location>
			<rotation>-22.0258988946978</rotation>
			<frame>1</frame>
		</part>
		<part>
			<location>body.leftLeg.foot</location>
			<rotation>19.245349790806</rotation>
			<frame>12</frame>
		</part>
	</frame>
</SE_Walk>
