<SW_Item>
	<frame>
		<part>
			<location>body</location>
			<rotation>0</rotation>
			<frame>8</frame>
		</part>
		<part>
			<location>body.rightLeg</location>
			<rotation>2.95433274729908</rotation>
			<frame>6</frame>
		</part>
		<part>
			<location>body.leftLeg</location>
			<rotation>-2.85849600577917</rotation>
			<frame>6</frame>
		</part>
		<part>
			<location>body.rightLeg.foot</location>
			<rotation>-3.06918264796337</rotation>
			<frame>9</frame>
		</part>
		<part>
			<location>body.leftLeg.foot</location>
			<rotation>0.403588630695808</rotation>
			<frame>10</frame>
		</part>
		<part>
			<location>body.rightArm</location>
			<rotation>1.27618006392572</rotation>
			<frame>9</frame>
		</part>
		<part>
			<location>body.leftArm</location>
			<rotation>34.154574444689</rotation>
			<frame>1</frame>
		</part>
		<part>
			<location>body.rightArm.hand</location>
			<rotation>12.9883322514468</rotation>
			<frame>2</frame>
		</part>
		<part>
			<location>body.head</location>
			<rotation>-12.8213438110211</rotation>
			<frame>8</frame>
		</part>
	</frame>
</SW_Item>
