<SW_Idle>
	<frame>
		<part>
			<location>body</location>
			<rotation>0</rotation>
			<frame>8</frame>
		</part>
		<part>
			<location>body.rightLeg</location>
			<rotation>2.18784985412469</rotation>
			<frame>6</frame>
		</part>
		<part>
			<location>body.leftLeg</location>
			<rotation>-0.523786507093149</rotation>
			<frame>6</frame>
		</part>
		<part>
			<location>body.leftArm</location>
			<rotation>0.666199990580708</rotation>
			<frame>1</frame>
		</part>
		<part>
			<location>body.rightArm</location>
			<rotation>-0.535074359553704</rotation>
			<frame>1</frame>
		</part>
		<part>
			<location>body.rightLeg.foot</location>
			<rotation>-1.72392653505483</rotation>
			<frame>9</frame>
		</part>
		<part>
			<location>body.leftLeg.foot</location>
			<rotation>-0.749243533222511</rotation>
			<frame>10</frame>
		</part>
		<part>
			<location>body.head</location>
			<rotation>-0.665133313125565</rotation>
			<frame>8</frame>
		</part>
	</frame>
	<frame>
	</frame>
	<frame>
	</frame>
	<frame>
		<part>
			<location>body.rightArm</location>
			<rotation>0.268812027090178</rotation>
			<frame>1</frame>
		</part>
	</frame>
	<frame>
		<part>
			<location>body.leftArm</location>
			<rotation>0.434437837249448</rotation>
			<frame>1</frame>
		</part>
	</frame>
	<frame>
	</frame>
	<frame>
	</frame>
	<frame>
	</frame>
	<frame>
	</frame>
	<frame>
		<part>
			<location>body.leftArm</location>
			<rotation>1.39259290715182</rotation>
			<frame>1</frame>
		</part>
	</frame>
	<frame>
	</frame>
	<frame>
	</frame>
	<frame>
		<part>
			<location>body.rightArm</location>
			<rotation>-0.512965056630463</rotation>
			<frame>1</frame>
		</part>
	</frame>
	<frame>
	</frame>
	<frame>
		<part>
			<location>body.rightArm</location>
			<rotation>-1.32012999889484</rotation>
			<frame>1</frame>
		</part>
	</frame>
</SW_Idle>
