<SW_Shoot>
	<frame>
		<part>
			<location>body</location>
			<rotation>0</rotation>
			<frame>8</frame>
		</part>
		<part>
			<location>body.rightArm</location>
			<rotation>1.68227213810479</rotation>
			<frame>1</frame>
		</part>
		<part>
			<location>body.leftArm</location>
			<rotation>1.05621847685882</rotation>
			<frame>1</frame>
		</part>
		<part>
			<location>body.rightLeg</location>
			<rotation>2.40289395952266</rotation>
			<frame>6</frame>
		</part>
		<part>
			<location>body.rightLeg.foot</location>
			<rotation>-3.07605101519782</rotation>
			<frame>9</frame>
		</part>
		<part>
			<location>body.leftLeg</location>
			<rotation>0.707319388932433</rotation>
			<frame>6</frame>
		</part>
		<part>
			<location>body.leftLeg.foot</location>
			<rotation>-0.939552954522526</rotation>
			<frame>10</frame>
		</part>
		<part>
			<location>body.head</location>
			<rotation>2.05496917260461e-8</rotation>
			<frame>8</frame>
		</part>
	</frame>
	<frame>
		<part>
			<location>body.rightArm</location>
			<rotation>5.55959554384401</rotation>
			<frame>1</frame>
		</part>
		<part>
			<location>body.rightArm.hand</location>
			<rotation>-6.47498742639404</rotation>
			<frame>1</frame>
		</part>
	</frame>
	<frame>
		<part>
			<location>body.rightArm</location>
			<rotation>21.7037423722424</rotation>
			<frame>1</frame>
		</part>
		<part>
			<location>body.rightArm.hand</location>
			<rotation>-24.1317908973468</rotation>
			<frame>1</frame>
		</part>
	</frame>
	<frame>
		<part>
			<location>body.rightArm</location>
			<rotation>38.8320703717013</rotation>
			<frame>1</frame>
		</part>
		<part>
			<location>body.rightArm.hand</location>
			<rotation>-42.2632557688759</rotation>
			<frame>1</frame>
		</part>
		<part>
			<location>body.leftArm</location>
			<rotation>-0.26953462936433</rotation>
			<frame>1</frame>
		</part>
	</frame>
	<frame>
		<part>
			<location>body.rightArm</location>
			<rotation>58.5912244901221</rotation>
			<frame>1</frame>
		</part>
		<part>
			<location>body.rightArm.hand</location>
			<rotation>-59.9733004877365</rotation>
			<frame>1</frame>
		</part>
		<part>
			<location>body.leftLeg</location>
			<rotation>-2.31291777923639</rotation>
			<frame>6</frame>
		</part>
	</frame>
	<frame>
		<part>
			<location>body.rightArm</location>
			<rotation>72.2899841980409</rotation>
			<frame>1</frame>
		</part>
		<part>
			<location>body.rightArm.hand</location>
			<rotation>-71.8512808099187</rotation>
			<frame>1</frame>
		</part>
		<part>
			<location>body.leftArm</location>
			<rotation>-2.53572769693956</rotation>
			<frame>1</frame>
		</part>
		<part>
			<location>body.head</location>
			<rotation>-2.76212833329771</rotation>
			<frame>8</frame>
		</part>
	</frame>
	<frame>
		<part>
			<location>body.rightArm</location>
			<rotation>89.566844283582</rotation>
			<frame>1</frame>
		</part>
		<part>
			<location>body.rightArm.hand</location>
			<rotation>-90.5441481033619</rotation>
			<frame>1</frame>
		</part>
	</frame>
	<frame>
		<part>
			<location>body.rightArm</location>
			<rotation>87.3848476910488</rotation>
			<frame>1</frame>
		</part>
		<part>
			<location>body.rightArm.hand</location>
			<rotation>-87.0070787743564</rotation>
			<frame>1</frame>
		</part>
		<part>
			<location>body.leftArm</location>
			<rotation>-5.93615034718307</rotation>
			<frame>1</frame>
		</part>
		<part>
			<location>body.leftLeg</location>
			<rotation>-3.5184866710015</rotation>
			<frame>6</frame>
		</part>
		<part>
			<location>body.leftLeg.foot</location>
			<rotation>1.25612617684891</rotation>
			<frame>10</frame>
		</part>
	</frame>
	<frame>
		<part>
			<location>body.rightArm</location>
			<rotation>85.2527660360012</rotation>
			<frame>1</frame>
		</part>
		<part>
			<location>body.rightArm.hand</location>
			<rotation>-81.0770757695031</rotation>
			<frame>1</frame>
		</part>
	</frame>
	<frame>
		<part>
			<location>body.rightArm</location>
			<rotation>83.4149750108799</rotation>
			<frame>1</frame>
		</part>
		<part>
			<location>body.leftArm</location>
			<rotation>-4.70361472376888</rotation>
			<frame>1</frame>
		</part>
	</frame>
	<frame>
		<part>
			<location>body.rightArm</location>
			<rotation>56.5685190280577</rotation>
			<frame>1</frame>
		</part>
		<part>
			<location>body.rightArm.hand</location>
			<rotation>-45.8222728809247</rotation>
			<frame>1</frame>
		</part>
	</frame>
	<frame>
		<part>
			<location>body.rightArm</location>
			<rotation>42.7012252686064</rotation>
			<frame>1</frame>
		</part>
		<part>
			<location>body.rightArm.hand</location>
			<rotation>-34.3025975147264</rotation>
			<frame>1</frame>
		</part>
		<part>
			<location>body.leftArm</location>
			<rotation>-3.85180490086724</rotation>
			<frame>1</frame>
		</part>
		<part>
			<location>body.leftLeg</location>
			<rotation>-2.32911959836966</rotation>
			<frame>6</frame>
		</part>
	</frame>
	<frame>
		<part>
			<location>body.rightArm</location>
			<rotation>33.2634047271721</rotation>
			<frame>1</frame>
		</part>
		<part>
			<location>body.rightArm.hand</location>
			<rotation>-22.1537187925114</rotation>
			<frame>1</frame>
		</part>
	</frame>
	<frame>
		<part>
			<location>body.rightArm</location>
			<rotation>13.5716235311329</rotation>
			<frame>1</frame>
		</part>
		<part>
			<location>body.rightArm.hand</location>
			<rotation>17.188891824146</rotation>
			<frame>1</frame>
		</part>
		<part>
			<location>body.leftArm</location>
			<rotation>-2.02276363521378</rotation>
			<frame>1</frame>
		</part>
		<part>
			<location>body.leftLeg</location>
			<rotation>-1.01397874310342</rotation>
			<frame>6</frame>
		</part>
		<part>
			<location>body.leftLeg.foot</location>
			<rotation>-0.355093749862547</rotation>
			<frame>10</frame>
		</part>
	</frame>
</SW_Shoot>
