<SW_Use>
	<frame>
		<part>
			<location>body</location>
			<rotation>0</rotation>
			<frame>8</frame>
		</part>
		<part>
			<location>body.rightLeg</location>
			<rotation>3.12139489273812</rotation>
			<frame>6</frame>
		</part>
		<part>
			<location>body.leftLeg</location>
			<rotation>1.94780332122031</rotation>
			<frame>6</frame>
		</part>
		<part>
			<location>body.rightLeg.foot</location>
			<rotation>-3.04986459786517</rotation>
			<frame>10</frame>
		</part>
		<part>
			<location>body.leftLeg.foot</location>
			<rotation>-1.71266462282807</rotation>
			<frame>10</frame>
		</part>
		<part>
			<location>body.leftArm</location>
			<rotation>-0.913794191005081</rotation>
			<frame>1</frame>
		</part>
	</frame>
	<frame>
		<part>
			<location>body.leftArm</location>
			<rotation>34.7440337647629</rotation>
			<frame>1</frame>
		</part>
	</frame>
	<frame>
		<part>
			<location>body.leftArm</location>
			<rotation>72.4565227822076</rotation>
			<frame>1</frame>
		</part>
	</frame>
	<frame>
	</frame>
	<frame>
	</frame>
	<frame>
	</frame>
	<frame>
	</frame>
	<frame>
		<part>
			<location>body.leftArm</location>
			<rotation>46.3665294706533</rotation>
			<frame>1</frame>
		</part>
	</frame>
	<frame>
		<part>
			<location>body.leftArm</location>
			<rotation>22.1451800537166</rotation>
			<frame>1</frame>
		</part>
	</frame>
	<frame>
		<part>
			<location>body.leftArm</location>
			<rotation>3.64663880482226</rotation>
			<frame>1</frame>
		</part>
	</frame>
</SW_Use>
