<SW_Walk>
	<frame>
		<part>
			<location>body</location>
			<rotation>0</rotation>
			<frame>8</frame>
		</part>
		<part>
			<location>body.rightArm</location>
			<rotation>-15.3660852298645</rotation>
			<frame>1</frame>
		</part>
		<part>
			<location>body.leftArm</location>
			<rotation>20.852932689851</rotation>
			<frame>1</frame>
		</part>
		<part>
			<location>body.leftLeg</location>
			<rotation>-22.0105665055451</rotation>
			<frame>6</frame>
		</part>
		<part>
			<location>body.rightLeg</location>
			<rotation>25.5781139916003</rotation>
			<frame>6</frame>
		</part>
		<part>
			<location>body.rightArm.hand</location>
			<rotation>10.0904544347648</rotation>
			<frame>1</frame>
		</part>
		<part>
			<location>body.leftArm.hand</location>
			<rotation>-1.87345062950533</rotation>
			<frame>1</frame>
		</part>
		<part>
			<location>body.leftLeg.foot</location>
			<rotation>19.1591101949094</rotation>
			<frame>10</frame>
		</part>
		<part>
			<location>body.rightLeg.foot</location>
			<rotation>-25.3461485198054</rotation>
			<frame>9</frame>
		</part>
		<part>
			<location>body.head</location>
			<rotation>0.830888848552149</rotation>
			<frame>8</frame>
		</part>
	</frame>
	<frame>
		<part>
			<location>body.leftArm</location>
			<rotation>18.992207566429</rotation>
			<frame>1</frame>
		</part>
		<part>
			<location>body.rightArm</location>
			<rotation>-11.8471634387761</rotation>
			<frame>1</frame>
		</part>
		<part>
			<location>body.rightLeg</location>
			<rotation>20.1089040951529</rotation>
			<frame>6</frame>
		</part>
		<part>
			<location>body.rightLeg.foot</location>
			<rotation>-20.6185100628476</rotation>
			<frame>9</frame>
		</part>
		<part>
			<location>body.leftLeg</location>
			<rotation>-16.0564556343313</rotation>
			<frame>6</frame>
		</part>
	</frame>
	<frame>
		<part>
			<location>body.leftArm</location>
			<rotation>15.7725259026959</rotation>
			<frame>1</frame>
		</part>
		<part>
			<location>body.rightArm</location>
			<rotation>-9.33066855301753</rotation>
			<frame>1</frame>
		</part>
		<part>
			<location>body.rightLeg</location>
			<rotation>18.8414698016118</rotation>
			<frame>6</frame>
		</part>
		<part>
			<location>body.rightLeg.foot</location>
			<rotation>-15.7493514540275</rotation>
			<frame>9</frame>
		</part>
		<part>
			<location>body.leftLeg</location>
			<rotation>-11.4576439996001</rotation>
			<frame>6</frame>
		</part>
	</frame>
	<frame>
		<part>
			<location>body.leftArm</location>
			<rotation>14.0563331687047</rotation>
			<frame>1</frame>
		</part>
		<part>
			<location>body.rightArm</location>
			<rotation>-7.04394704873823</rotation>
			<frame>1</frame>
		</part>
		<part>
			<location>body.rightLeg</location>
			<rotation>16.7137238510034</rotation>
			<frame>6</frame>
		</part>
		<part>
			<location>body.leftLeg</location>
			<rotation>-14.1239410384698</rotation>
			<frame>14</frame>
		</part>
		<part>
			<location>body.leftLeg.foot</location>
			<rotation>0</rotation>
			<frame>2</frame>
		</part>
		<part>
			<location>body.head</location>
			<rotation>-0.309146909855755</rotation>
			<frame>8</frame>
		</part>
	</frame>
	<frame>
		<part>
			<location>body.leftArm</location>
			<rotation>11.4455257217629</rotation>
			<frame>1</frame>
		</part>
		<part>
			<location>body.rightArm</location>
			<rotation>-4.83602671710584</rotation>
			<frame>1</frame>
		</part>
		<part>
			<location>body.rightLeg</location>
			<rotation>14.7120470265245</rotation>
			<frame>6</frame>
		</part>
		<part>
			<location>body.rightLeg.foot</location>
			<rotation>-15.6336154940737</rotation>
			<frame>9</frame>
		</part>
		<part>
			<location>body.leftLeg</location>
			<rotation>-9.74027499177043</rotation>
			<frame>14</frame>
		</part>
	</frame>
	<frame>
		<part>
			<location>body.leftArm</location>
			<rotation>6.86440730817247</rotation>
			<frame>1</frame>
		</part>
		<part>
			<location>body.rightArm</location>
			<rotation>-2.11961655569709</rotation>
			<frame>1</frame>
		</part>
		<part>
			<location>body.rightLeg</location>
			<rotation>11.06000701279</rotation>
			<frame>6</frame>
		</part>
		<part>
			<location>body.rightLeg.foot</location>
			<rotation>-11.2786921527128</rotation>
			<frame>9</frame>
		</part>
		<part>
			<location>body.leftLeg</location>
			<rotation>-2.85702359200589</rotation>
			<frame>14</frame>
		</part>
	</frame>
	<frame>
		<part>
			<location>body.leftArm</location>
			<rotation>3.23574435395506</rotation>
			<frame>1</frame>
		</part>
		<part>
			<location>body.rightArm</location>
			<rotation>1.09546569991903</rotation>
			<frame>1</frame>
		</part>
		<part>
			<location>body.rightLeg</location>
			<rotation>8.82037957055678</rotation>
			<frame>6</frame>
		</part>
		<part>
			<location>body.rightLeg.foot</location>
			<rotation>-9.27509845269573</rotation>
			<frame>9</frame>
		</part>
		<part>
			<location>body.leftLeg</location>
			<rotation>3.47921751022517</rotation>
			<frame>14</frame>
		</part>
	</frame>
	<frame>
		<part>
			<location>body.leftArm</location>
			<rotation>-0.117569854509213</rotation>
			<frame>1</frame>
		</part>
		<part>
			<location>body.rightArm</location>
			<rotation>4.2145916665022</rotation>
			<frame>1</frame>
		</part>
		<part>
			<location>body.rightLeg</location>
			<rotation>4.60685529257159</rotation>
			<frame>6</frame>
		</part>
		<part>
			<location>body.rightLeg.foot</location>
			<rotation>-4.39306604219365</rotation>
			<frame>9</frame>
		</part>
		<part>
			<location>body.leftLeg</location>
			<rotation>9.05167081984882</rotation>
			<frame>14</frame>
		</part>
	</frame>
	<frame>
		<part>
			<location>body.leftArm</location>
			<rotation>-4.20177046845505</rotation>
			<frame>1</frame>
		</part>
		<part>
			<location>body.rightArm</location>
			<rotation>5.70288537721297</rotation>
			<frame>1</frame>
		</part>
		<part>
			<location>body.rightLeg</location>
			<rotation>1.45970054910356</rotation>
			<frame>6</frame>
		</part>
		<part>
			<location>body.rightLeg.foot</location>
			<rotation>-1.10160656931208</rotation>
			<frame>9</frame>
		</part>
		<part>
			<location>body.leftLeg</location>
			<rotation>13.2834197489027</rotation>
			<frame>14</frame>
		</part>
		<part>
			<location>body.leftLeg.foot</location>
			<rotation>13.9274502364864</rotation>
			<frame>2</frame>
		</part>
	</frame>
	<frame>
		<part>
			<location>body.leftArm</location>
			<rotation>-5.74250614070415</rotation>
			<frame>1</frame>
		</part>
		<part>
			<location>body.rightArm</location>
			<rotation>9.35393592013855</rotation>
			<frame>1</frame>
		</part>
		<part>
			<location>body.rightLeg</location>
			<rotation>-1.67324600008861</rotation>
			<frame>6</frame>
		</part>
		<part>
			<location>body.rightLeg.foot</location>
			<rotation>3.06685053204602</rotation>
			<frame>9</frame>
		</part>
		<part>
			<location>body.leftLeg</location>
			<rotation>17.6408676785917</rotation>
			<frame>14</frame>
		</part>
	</frame>
	<frame>
		<part>
			<location>body.leftArm</location>
			<rotation>-7.72324695093349</rotation>
			<frame>1</frame>
		</part>
		<part>
			<location>body.rightArm</location>
			<rotation>12.3979956721656</rotation>
			<frame>1</frame>
		</part>
		<part>
			<location>body.rightLeg</location>
			<rotation>-4.97849567984201</rotation>
			<frame>6</frame>
		</part>
		<part>
			<location>body.leftLeg</location>
			<rotation>26.335939790924</rotation>
			<frame>6</frame>
		</part>
		<part>
			<location>body.leftLeg.foot</location>
			<rotation>-7.92352173284394</rotation>
			<frame>10</frame>
		</part>
	</frame>
	<frame>
		<part>
			<location>body.leftArm</location>
			<rotation>-9.27413882327677</rotation>
			<frame>1</frame>
		</part>
		<part>
			<location>body.rightArm</location>
			<rotation>15.71347517802</rotation>
			<frame>1</frame>
		</part>
		<part>
			<location>body.rightLeg</location>
			<rotation>-6.73406541950322</rotation>
			<frame>6</frame>
		</part>
		<part>
			<location>body.rightLeg.foot</location>
			<rotation>7.22859133040117</rotation>
			<frame>9</frame>
		</part>
		<part>
			<location>body.leftLeg</location>
			<rotation>21.6592923246467</rotation>
			<frame>6</frame>
		</part>
	</frame>
	<frame>
		<part>
			<location>body.rightArm</location>
			<rotation>26.5201837148289</rotation>
			<frame>1</frame>
		</part>
		<part>
			<location>body.leftArm</location>
			<rotation>-17.6040236971537</rotation>
			<frame>1</frame>
		</part>
		<part>
			<location>body.rightLeg</location>
			<rotation>-13.3316164222809</rotation>
			<frame>6</frame>
		</part>
		<part>
			<location>body.leftLeg</location>
			<rotation>15.5200684130816</rotation>
			<frame>6</frame>
		</part>
		<part>
			<location>body.rightLeg.foot</location>
			<rotation>11.8384626345296</rotation>
			<frame>9</frame>
		</part>
		<part>
			<location>body.leftLeg.foot</location>
			<rotation>-15.896019596486</rotation>
			<frame>10</frame>
		</part>
	</frame>
	<frame>
		<part>
			<location>body.rightArm</location>
			<rotation>22.5578196365491</rotation>
			<frame>1</frame>
		</part>
		<part>
			<location>body.leftArm</location>
			<rotation>-15.3137783151909</rotation>
			<frame>1</frame>
		</part>
		<part>
			<location>body.leftLeg</location>
			<rotation>12.6623640805159</rotation>
			<frame>6</frame>
		</part>
		<part>
			<location>body.leftLeg.foot</location>
			<rotation>-11.9288877495356</rotation>
			<frame>10</frame>
		</part>
		<part>
			<location>body.rightLeg</location>
			<rotation>-7.55634407526378</rotation>
			<frame>6</frame>
		</part>
	</frame>
	<frame>
		<part>
			<location>body.rightArm</location>
			<rotation>18.2277537731799</rotation>
			<frame>1</frame>
		</part>
		<part>
			<location>body.leftArm</location>
			<rotation>-10.8886475879151</rotation>
			<frame>1</frame>
		</part>
		<part>
			<location>body.leftLeg</location>
			<rotation>10.8947529509375</rotation>
			<frame>6</frame>
		</part>
		<part>
			<location>body.leftLeg.foot</location>
			<rotation>-8.01053403831435</rotation>
			<frame>10</frame>
		</part>
		<part>
			<location>body.rightLeg</location>
			<rotation>-5.27586449794636</rotation>
			<frame>14</frame>
		</part>
		<part>
			<location>body.head</location>
			<rotation>1.32724325817173</rotation>
			<frame>8</frame>
		</part>
	</frame>
	<frame>
		<part>
			<location>body.rightArm</location>
			<rotation>15.0857053182176</rotation>
			<frame>1</frame>
		</part>
		<part>
			<location>body.leftArm</location>
			<rotation>-8.31575025941005</rotation>
			<frame>1</frame>
		</part>
		<part>
			<location>body.leftLeg</location>
			<rotation>7.77642921368363</rotation>
			<frame>6</frame>
		</part>
		<part>
			<location>body.leftLeg.foot</location>
			<rotation>-5.46114927977658</rotation>
			<frame>10</frame>
		</part>
		<part>
			<location>body.rightLeg</location>
			<rotation>-0.166557049933047</rotation>
			<frame>14</frame>
		</part>
	</frame>
	<frame>
		<part>
			<location>body.rightArm</location>
			<rotation>11.4503248098438</rotation>
			<frame>1</frame>
		</part>
		<part>
			<location>body.leftArm</location>
			<rotation>-5.01382526694037</rotation>
			<frame>1</frame>
		</part>
		<part>
			<location>body.leftLeg</location>
			<rotation>4.42723754810777</rotation>
			<frame>6</frame>
		</part>
		<part>
			<location>body.leftLeg.foot</location>
			<rotation>-4.50322662158349</rotation>
			<frame>10</frame>
		</part>
		<part>
			<location>body.rightLeg</location>
			<rotation>8.13010237284931</rotation>
			<frame>14</frame>
		</part>
	</frame>
	<frame>
		<part>
			<location>body.rightArm</location>
			<rotation>8.61337302586259</rotation>
			<frame>1</frame>
		</part>
		<part>
			<location>body.leftArm</location>
			<rotation>-2.64835762043613</rotation>
			<frame>1</frame>
		</part>
		<part>
			<location>body.leftLeg</location>
			<rotation>1.07268053346286</rotation>
			<frame>6</frame>
		</part>
		<part>
			<location>body.leftLeg.foot</location>
			<rotation>-0.8372197309169</rotation>
			<frame>10</frame>
		</part>
		<part>
			<location>body.rightLeg</location>
			<rotation>13.3820860360313</rotation>
			<frame>14</frame>
		</part>
	</frame>
	<frame>
		<part>
			<location>body.rightArm</location>
			<rotation>5.78090907092223</rotation>
			<frame>1</frame>
		</part>
		<part>
			<location>body.leftArm</location>
			<rotation>1.46981887372931</rotation>
			<frame>1</frame>
		</part>
		<part>
			<location>body.leftLeg</location>
			<rotation>-3.79508747330264</rotation>
			<frame>6</frame>
		</part>
		<part>
			<location>body.leftLeg.foot</location>
			<rotation>4.30436989871355</rotation>
			<frame>10</frame>
		</part>
		<part>
			<location>body.rightLeg</location>
			<rotation>16.6144245058825</rotation>
			<frame>14</frame>
		</part>
	</frame>
	<frame>
		<part>
			<location>body.rightArm</location>
			<rotation>1.9064502681191</rotation>
			<frame>1</frame>
		</part>
		<part>
			<location>body.leftArm</location>
			<rotation>5.74391191696435</rotation>
			<frame>1</frame>
		</part>
		<part>
			<location>body.leftLeg</location>
			<rotation>-6.99420431314974</rotation>
			<frame>6</frame>
		</part>
		<part>
			<location>body.leftLeg.foot</location>
			<rotation>5.68854363562915</rotation>
			<frame>10</frame>
		</part>
		<part>
			<location>body.rightLeg</location>
			<rotation>21.0967375856093</rotation>
			<frame>14</frame>
		</part>
	</frame>
	<frame>
		<part>
			<location>body.rightArm</location>
			<rotation>-2.06206869784342</rotation>
			<frame>1</frame>
		</part>
		<part>
			<location>body.leftArm</location>
			<rotation>9.01150636923018</rotation>
			<frame>1</frame>
		</part>
		<part>
			<location>body.leftLeg</location>
			<rotation>-6.05313338942214</rotation>
			<frame>6</frame>
		</part>
		<part>
			<location>body.leftLeg.foot</location>
			<rotation>6.36283730985996</rotation>
			<frame>10</frame>
		</part>
		<part>
			<location>body.rightLeg</location>
			<rotation>25.5450560587188</rotation>
			<frame>14</frame>
		</part>
		<part>
			<location>body.head</location>
			<rotation>0.0395689227534604</rotation>
			<frame>8</frame>
		</part>
	</frame>
	<frame>
		<part>
			<location>body.rightArm</location>
			<rotation>-4.44999970237687</rotation>
			<frame>1</frame>
		</part>
		<part>
			<location>body.leftArm</location>
			<rotation>11.5999965767649</rotation>
			<frame>1</frame>
		</part>
		<part>
			<location>body.leftLeg</location>
			<rotation>-10.04934860638</rotation>
			<frame>6</frame>
		</part>
		<part>
			<location>body.leftLeg.foot</location>
			<rotation>8.88020925818984</rotation>
			<frame>10</frame>
		</part>
		<part>
			<location>body.rightLeg</location>
			<rotation>32.6656028310338</rotation>
			<frame>6</frame>
		</part>
	</frame>
	<frame>
		<part>
			<location>body.rightArm</location>
			<rotation>-7.53260141977711</rotation>
			<frame>1</frame>
		</part>
		<part>
			<location>body.leftArm</location>
			<rotation>14.6482702284876</rotation>
			<frame>1</frame>
		</part>
		<part>
			<location>body.leftLeg</location>
			<rotation>-12.5461150150922</rotation>
			<frame>6</frame>
		</part>
		<part>
			<location>body.leftLeg.foot</location>
			<rotation>11.704715437673</rotation>
			<frame>10</frame>
		</part>
		<part>
			<location>body.rightLeg</location>
			<rotation>29.4084714331071</rotation>
			<frame>6</frame>
		</part>
	</frame>
	<frame>
		<part>
			<location>body.rightArm</location>
			<rotation>-12.0148785453768</rotation>
			<frame>1</frame>
		</part>
		<part>
			<location>body.leftArm</location>
			<rotation>16.3066105839271</rotation>
			<frame>1</frame>
		</part>
		<part>
			<location>body.leftLeg</location>
			<rotation>-15.8358229408752</rotation>
			<frame>6</frame>
		</part>
		<part>
			<location>body.leftLeg.foot</location>
			<rotation>15.0917637176068</rotation>
			<frame>10</frame>
		</part>
		<part>
			<location>body.rightLeg</location>
			<rotation>25.8095848496494</rotation>
			<frame>6</frame>
		</part>
		<part>
			<location>body.rightLeg.foot</location>
			<rotation>-32.738348188248</rotation>
			<frame>9</frame>
		</part>
	</frame>
</SW_Walk>
