<W_Idle>
	<frame>
		<part>
			<location>body</location>
			<rotation>0</rotation>
			<frame>7</frame>
		</part>
		<part>
			<location>body.leftLeg</location>
			<rotation>-5.85601360464152</rotation>
			<frame>5</frame>
		</part>
		<part>
			<location>body.rightLeg</location>
			<rotation>11.3678362413497</rotation>
			<frame>5</frame>
		</part>
		<part>
			<location>body.rightLeg.foot</location>
			<rotation>-11.29594694924</rotation>
			<frame>9</frame>
		</part>
		<part>
			<location>body.leftLeg.foot</location>
			<rotation>7.13910377235594</rotation>
			<frame>9</frame>
		</part>
		<part>
			<location>body.leftArm</location>
			<rotation>13.9667308963861</rotation>
			<frame>1</frame>
		</part>
		<part>
			<location>body.rightArm</location>
			<rotation>-3.82227050253289</rotation>
			<frame>1</frame>
		</part>
		<part>
			<location>body.head</location>
			<rotation>-0.665133313125565</rotation>
			<frame>7</frame>
		</part>
	</frame>
	<frame>
	</frame>
	<frame>
	</frame>
	<frame>
		<part>
			<location>body.leftArm</location>
			<rotation>14.8005441618599</rotation>
			<frame>1</frame>
		</part>
	</frame>
	<frame>
		<part>
			<location>body.rightArm</location>
			<rotation>-3.4543678439513</rotation>
			<frame>1</frame>
		</part>
	</frame>
	<frame>
	</frame>
	<frame>
	</frame>
	<frame>
	</frame>
	<frame>
		<part>
			<location>body.leftArm</location>
			<rotation>13.7958670373179</rotation>
			<frame>1</frame>
		</part>
	</frame>
	<frame>
	</frame>
	<frame>
		<part>
			<location>body.rightArm</location>
			<rotation>-3.61510505796065</rotation>
			<frame>1</frame>
		</part>
	</frame>
	<frame>
	</frame>
	<frame>
	</frame>
	<frame>
	</frame>
	<frame>
		<part>
			<location>body.leftArm</location>
			<rotation>13.9587382508413</rotation>
			<frame>1</frame>
		</part>
	</frame>
</W_Idle>
