<W_Item>
	<frame>
		<part>
			<location>body</location>
			<rotation>0</rotation>
			<frame>7</frame>
		</part>
		<part>
			<location>body.leftArm</location>
			<rotation>30.3705513798046</rotation>
			<frame>1</frame>
		</part>
		<part>
			<location>body.rightArm</location>
			<rotation>22.6198649634253</rotation>
			<frame>9</frame>
		</part>
		<part>
			<location>body.leftArm.hand</location>
			<rotation>1.80319036825614</rotation>
			<frame>2</frame>
		</part>
		<part>
			<location>body.head</location>
			<rotation>-16.7657589404924</rotation>
			<frame>7</frame>
		</part>
		<part>
			<location>body.leftLeg</location>
			<rotation>12.4939774700367</rotation>
			<frame>5</frame>
		</part>
		<part>
			<location>body.rightLeg</location>
			<rotation>-13.1894807246269</rotation>
			<frame>5</frame>
		</part>
		<part>
			<location>body.leftLeg.foot</location>
			<rotation>-12.8699286534411</rotation>
			<frame>9</frame>
		</part>
		<part>
			<location>body.rightLeg.foot</location>
			<rotation>16.1504168786643</rotation>
			<frame>9</frame>
		</part>
	</frame>
</W_Item>
