<W_Shoot>
	<frame>
		<part>
			<location>body</location>
			<rotation>0</rotation>
			<frame>7</frame>
		</part>
		<part>
			<location>body.rightArm</location>
			<rotation>13.7525029986552</rotation>
			<frame>1</frame>
		</part>
		<part>
			<location>body.leftArm</location>
			<rotation>0.276217203327235</rotation>
			<frame>1</frame>
		</part>
		<part>
			<location>body.leftLeg</location>
			<rotation>-7.28458808033186</rotation>
			<frame>5</frame>
		</part>
		<part>
			<location>body.rightLeg</location>
			<rotation>5.86214783746129</rotation>
			<frame>5</frame>
		</part>
		<part>
			<location>body.rightLeg.foot</location>
			<rotation>-2.76197081178395</rotation>
			<frame>9</frame>
		</part>
		<part>
			<location>body.leftLeg.foot</location>
			<rotation>7.70634058256488</rotation>
			<frame>9</frame>
		</part>
		<part>
			<location>body.head</location>
			<rotation>0.886860757818795</rotation>
			<frame>7</frame>
		</part>
	</frame>
	<frame>
		<part>
			<location>body.rightArm</location>
			<rotation>22.9033788031343</rotation>
			<frame>1</frame>
		</part>
		<part>
			<location>body.rightArm.hand</location>
			<rotation>-14.0204046531035</rotation>
			<frame>1</frame>
		</part>
	</frame>
	<frame>
		<part>
			<location>body.rightArm</location>
			<rotation>44.2951665747046</rotation>
			<frame>1</frame>
		</part>
		<part>
			<location>body.rightArm.hand</location>
			<rotation>-29.5516037210506</rotation>
			<frame>1</frame>
		</part>
	</frame>
	<frame>
		<part>
			<location>body.rightArm</location>
			<rotation>56.9746329155222</rotation>
			<frame>1</frame>
		</part>
		<part>
			<location>body.leftArm</location>
			<rotation>-1.267059331027</rotation>
			<frame>1</frame>
		</part>
		<part>
			<location>body.leftLeg</location>
			<rotation>-11.6040719805024</rotation>
			<frame>5</frame>
		</part>
		<part>
			<location>body.rightArm.hand</location>
			<rotation>-58.3710573933552</rotation>
			<frame>1</frame>
		</part>
	</frame>
	<frame>
		<part>
			<location>body.rightArm</location>
			<rotation>70.0459968374514</rotation>
			<frame>1</frame>
		</part>
		<part>
			<location>body.rightArm.hand</location>
			<rotation>-70.1237387092067</rotation>
			<frame>1</frame>
		</part>
	</frame>
	<frame>
		<part>
			<location>body.rightArm</location>
			<rotation>76.3230004832607</rotation>
			<frame>1</frame>
		</part>
		<part>
			<location>body.leftArm</location>
			<rotation>-2.9182782414269</rotation>
			<frame>1</frame>
		</part>
		<part>
			<location>body.head</location>
			<rotation>-1.76919132619221</rotation>
			<frame>7</frame>
		</part>
		<part>
			<location>body.rightArm.hand</location>
			<rotation>-77.004159977295</rotation>
			<frame>1</frame>
		</part>
	</frame>
	<frame>
		<part>
			<location>body.rightArm</location>
			<rotation>80.9171144954673</rotation>
			<frame>1</frame>
		</part>
		<part>
			<location>body.leftLeg</location>
			<rotation>-13.7179368738926</rotation>
			<frame>5</frame>
		</part>
		<part>
			<location>body.leftLeg.foot</location>
			<rotation>10.3905326123761</rotation>
			<frame>9</frame>
		</part>
		<part>
			<location>body.head</location>
			<rotation>-1.19789218338373</rotation>
			<frame>7</frame>
		</part>
		<part>
			<location>body.rightArm.hand</location>
			<rotation>-82.3398544538977</rotation>
			<frame>1</frame>
		</part>
	</frame>
	<frame>
		<part>
			<location>body.rightArm</location>
			<rotation>80.6096162992501</rotation>
			<frame>1</frame>
		</part>
		<part>
			<location>body.leftArm</location>
			<rotation>-5.23356295233856</rotation>
			<frame>1</frame>
		</part>
		<part>
			<location>body.rightArm.hand</location>
			<rotation>-81.9918200161811</rotation>
			<frame>1</frame>
		</part>
	</frame>
	<frame>
		<part>
			<location>body.rightArm</location>
			<rotation>78.1092808896855</rotation>
			<frame>1</frame>
		</part>
		<part>
			<location>body.leftArm</location>
			<rotation>-7.53260141977711</rotation>
			<frame>1</frame>
		</part>
		<part>
			<location>body.rightArm.hand</location>
			<rotation>-72.6870232171642</rotation>
			<frame>1</frame>
		</part>
	</frame>
	<frame>
		<part>
			<location>body.rightArm</location>
			<rotation>75.7700182079031</rotation>
			<frame>1</frame>
		</part>
		<part>
			<location>body.rightArm.hand</location>
			<rotation>-59.0048156829711</rotation>
			<frame>1</frame>
		</part>
	</frame>
	<frame>
		<part>
			<location>body.rightArm</location>
			<rotation>71.8126320398164</rotation>
			<frame>1</frame>
		</part>
		<part>
			<location>body.leftArm</location>
			<rotation>-4.51189567213352</rotation>
			<frame>1</frame>
		</part>
		<part>
			<location>body.head</location>
			<rotation>0.599306400562625</rotation>
			<frame>7</frame>
		</part>
		<part>
			<location>body.rightArm.hand</location>
			<rotation>-46.9521178448517</rotation>
			<frame>1</frame>
		</part>
	</frame>
	<frame>
		<part>
			<location>body.rightArm</location>
			<rotation>57.8765149261522</rotation>
			<frame>1</frame>
		</part>
		<part>
			<location>body.leftArm</location>
			<rotation>-2.1804671051645</rotation>
			<frame>1</frame>
		</part>
		<part>
			<location>body.rightArm.hand</location>
			<rotation>-35.3607642140943</rotation>
			<frame>1</frame>
		</part>
	</frame>
	<frame>
		<part>
			<location>body.rightArm</location>
			<rotation>46.1954813260554</rotation>
			<frame>1</frame>
		</part>
		<part>
			<location>body.leftArm</location>
			<rotation>-0.520128981889101</rotation>
			<frame>1</frame>
		</part>
		<part>
			<location>body.leftLeg</location>
			<rotation>-8.59869893829148</rotation>
			<frame>5</frame>
		</part>
		<part>
			<location>body.leftLeg.foot</location>
			<rotation>10.6839699961404</rotation>
			<frame>9</frame>
		</part>
		<part>
			<location>body.rightArm.hand</location>
			<rotation>-26.985002464708</rotation>
			<frame>1</frame>
		</part>
	</frame>
	<frame>
		<part>
			<location>body.rightArm</location>
			<rotation>30.0746375517346</rotation>
			<frame>1</frame>
		</part>
		<part>
			<location>body.leftArm</location>
			<rotation>3.52580680123248</rotation>
			<frame>1</frame>
		</part>
		<part>
			<location>body.leftLeg</location>
			<rotation>-5.26965310203821</rotation>
			<frame>5</frame>
		</part>
		<part>
			<location>body.leftLeg.foot</location>
			<rotation>7.03657184582471</rotation>
			<frame>9</frame>
		</part>
		<part>
			<location>body.rightArm.hand</location>
			<rotation>-17.9953881558068</rotation>
			<frame>1</frame>
		</part>
	</frame>
</W_Shoot>
