<W_Use>
	<frame>
		<part>
			<location>body</location>
			<rotation>0</rotation>
			<frame>7</frame>
		</part>
		<part>
			<location>body.leftLeg</location>
			<rotation>-9.65029983115812</rotation>
			<frame>5</frame>
		</part>
		<part>
			<location>body.rightLeg</location>
			<rotation>11.7887946219205</rotation>
			<frame>5</frame>
		</part>
		<part>
			<location>body.rightLeg.foot</location>
			<rotation>-14.0235935006987</rotation>
			<frame>9</frame>
		</part>
		<part>
			<location>body.leftLeg.foot</location>
			<rotation>15.115033830379</rotation>
			<frame>9</frame>
		</part>
		<part>
			<location>body.leftArm</location>
			<rotation>-3.22208790630569</rotation>
			<frame>1</frame>
		</part>
		<part>
			<location>body.rightArm</location>
			<rotation>13.5566248633525</rotation>
			<frame>1</frame>
		</part>
	</frame>
	<frame>
		<part>
			<location>body.leftArm</location>
			<rotation>35.0927943920376</rotation>
			<frame>1</frame>
		</part>
	</frame>
	<frame>
		<part>
			<location>body.leftArm</location>
			<rotation>77.8445744497958</rotation>
			<frame>1</frame>
		</part>
	</frame>
	<frame>
	</frame>
	<frame>
	</frame>
	<frame>
	</frame>
	<frame>
	</frame>
	<frame>
		<part>
			<location>body.leftArm</location>
			<rotation>52.0172388662156</rotation>
			<frame>1</frame>
		</part>
	</frame>
	<frame>
		<part>
			<location>body.leftArm</location>
			<rotation>25.6955361361321</rotation>
			<frame>1</frame>
		</part>
	</frame>
	<frame>
		<part>
			<location>body.leftArm</location>
			<rotation>4.24255857130686</rotation>
			<frame>1</frame>
		</part>
	</frame>
</W_Use>
