<W_Walk>
	<frame>
		<part>
			<location>body</location>
			<rotation>0</rotation>
			<frame>7</frame>
		</part>
		<part>
			<location>body.leftLeg</location>
			<rotation>-25.394419125483</rotation>
			<frame>5</frame>
		</part>
		<part>
			<location>body.rightLeg</location>
			<rotation>36.9515155222845</rotation>
			<frame>5</frame>
		</part>
		<part>
			<location>body.leftArm</location>
			<rotation>-12.1270910527108</rotation>
			<frame>1</frame>
		</part>
		<part>
			<location>body.rightArm</location>
			<rotation>28.138626155935</rotation>
			<frame>1</frame>
		</part>
		<part>
			<location>body.rightLeg.foot</location>
			<rotation>-33.5818237384797</rotation>
			<frame>9</frame>
		</part>
		<part>
			<location>body.leftLeg.foot</location>
			<rotation>23.5359161057466</rotation>
			<frame>9</frame>
		</part>
		<part>
			<location>body.head</location>
			<rotation>-1.64793593491981</rotation>
			<frame>7</frame>
		</part>
	</frame>
	<frame>
		<part>
			<location>body.leftArm</location>
			<rotation>-8.42116869800211</rotation>
			<frame>1</frame>
		</part>
		<part>
			<location>body.rightArm</location>
			<rotation>24.4277484883272</rotation>
			<frame>1</frame>
		</part>
		<part>
			<location>body.rightLeg</location>
			<rotation>35.8119992356935</rotation>
			<frame>5</frame>
		</part>
		<part>
			<location>body.leftLeg</location>
			<rotation>-20.5652649279338</rotation>
			<frame>5</frame>
		</part>
	</frame>
	<frame>
		<part>
			<location>body.leftArm</location>
			<rotation>-6.32185711619773</rotation>
			<frame>1</frame>
		</part>
		<part>
			<location>body.rightArm</location>
			<rotation>22.8713122690023</rotation>
			<frame>1</frame>
		</part>
		<part>
			<location>body.rightLeg</location>
			<rotation>34.9440108308655</rotation>
			<frame>5</frame>
		</part>
		<part>
			<location>body.rightLeg.foot</location>
			<rotation>-34.562044605674</rotation>
			<frame>9</frame>
		</part>
		<part>
			<location>body.leftLeg</location>
			<rotation>-17.9973546074148</rotation>
			<frame>13</frame>
		</part>
	</frame>
	<frame>
		<part>
			<location>body.leftArm</location>
			<rotation>-3.82227050253289</rotation>
			<frame>1</frame>
		</part>
		<part>
			<location>body.rightArm</location>
			<rotation>18.4736534806392</rotation>
			<frame>1</frame>
		</part>
		<part>
			<location>body.rightLeg</location>
			<rotation>30.7780565890823</rotation>
			<frame>5</frame>
		</part>
		<part>
			<location>body.rightLeg.foot</location>
			<rotation>-31.4767509924559</rotation>
			<frame>9</frame>
		</part>
		<part>
			<location>body.leftLeg</location>
			<rotation>-11.0628726455323</rotation>
			<frame>13</frame>
		</part>
	</frame>
	<frame>
		<part>
			<location>body.leftArm</location>
			<rotation>-2.21222098583681</rotation>
			<frame>1</frame>
		</part>
		<part>
			<location>body.rightArm</location>
			<rotation>16.2602047251489</rotation>
			<frame>1</frame>
		</part>
		<part>
			<location>body.rightLeg</location>
			<rotation>28.6002785903246</rotation>
			<frame>5</frame>
		</part>
		<part>
			<location>body.rightLeg.foot</location>
			<rotation>-28.2751996211294</rotation>
			<frame>9</frame>
		</part>
		<part>
			<location>body.leftLeg</location>
			<rotation>-5.19948369369314</rotation>
			<frame>13</frame>
		</part>
		<part>
			<location>body.head</location>
			<rotation>0.664794631685254</rotation>
			<frame>7</frame>
		</part>
	</frame>
	<frame>
		<part>
			<location>body.leftArm</location>
			<rotation>1.9064502681191</rotation>
			<frame>1</frame>
		</part>
		<part>
			<location>body.rightArm</location>
			<rotation>13.9587382508413</rotation>
			<frame>1</frame>
		</part>
		<part>
			<location>body.rightLeg</location>
			<rotation>23.692268346931</rotation>
			<frame>5</frame>
		</part>
		<part>
			<location>body.rightLeg.foot</location>
			<rotation>-23.786195790716</rotation>
			<frame>9</frame>
		</part>
		<part>
			<location>body.leftLeg</location>
			<rotation>-1.88630496972335</rotation>
			<frame>13</frame>
		</part>
	</frame>
	<frame>
		<part>
			<location>body.leftArm</location>
			<rotation>4.45937635506891</rotation>
			<frame>1</frame>
		</part>
		<part>
			<location>body.rightArm</location>
			<rotation>10.972240255856</rotation>
			<frame>1</frame>
		</part>
		<part>
			<location>body.rightLeg</location>
			<rotation>16.5988473817217</rotation>
			<frame>5</frame>
		</part>
		<part>
			<location>body.rightLeg.foot</location>
			<rotation>-17.7276821986742</rotation>
			<frame>9</frame>
		</part>
		<part>
			<location>body.leftLeg</location>
			<rotation>9.05167081984882</rotation>
			<frame>13</frame>
		</part>
	</frame>
	<frame>
		<part>
			<location>body.leftArm</location>
			<rotation>7.61081949637872</rotation>
			<frame>1</frame>
		</part>
		<part>
			<location>body.rightArm</location>
			<rotation>7.83323570559241</rotation>
			<frame>1</frame>
		</part>
		<part>
			<location>body.rightLeg</location>
			<rotation>13.6538747992072</rotation>
			<frame>5</frame>
		</part>
		<part>
			<location>body.rightLeg.foot</location>
			<rotation>-16.6448386861954</rotation>
			<frame>9</frame>
		</part>
		<part>
			<location>body.leftLeg</location>
			<rotation>16.3657216951784</rotation>
			<frame>13</frame>
		</part>
	</frame>
	<frame>
		<part>
			<location>body.leftArm</location>
			<rotation>10.2431792044487</rotation>
			<frame>1</frame>
		</part>
		<part>
			<location>body.rightArm</location>
			<rotation>5.09928977153197</rotation>
			<frame>1</frame>
		</part>
		<part>
			<location>body.rightLeg</location>
			<rotation>8.35882682452223</rotation>
			<frame>5</frame>
		</part>
		<part>
			<location>body.rightLeg.foot</location>
			<rotation>-10.2847136721815</rotation>
			<frame>9</frame>
		</part>
		<part>
			<location>body.leftLeg</location>
			<rotation>23.2646248210233</rotation>
			<frame>13</frame>
		</part>
	</frame>
	<frame>
		<part>
			<location>body.leftArm</location>
			<rotation>11.7434169434147</rotation>
			<frame>1</frame>
		</part>
		<part>
			<location>body.rightArm</location>
			<rotation>-0.512965056630449</rotation>
			<frame>1</frame>
		</part>
		<part>
			<location>body.rightLeg</location>
			<rotation>1.89305323434257</rotation>
			<frame>5</frame>
		</part>
		<part>
			<location>body.rightLeg.foot</location>
			<rotation>-1.67011356264629</rotation>
			<frame>9</frame>
		</part>
		<part>
			<location>body.leftLeg</location>
			<rotation>30.1536433137508</rotation>
			<frame>13</frame>
		</part>
	</frame>
	<frame>
		<part>
			<location>body.leftArm</location>
			<rotation>14.7314058881034</rotation>
			<frame>1</frame>
		</part>
		<part>
			<location>body.rightArm</location>
			<rotation>-7.74343565410989</rotation>
			<frame>1</frame>
		</part>
		<part>
			<location>body.rightLeg</location>
			<rotation>-6.89678707122093</rotation>
			<frame>5</frame>
		</part>
		<part>
			<location>body.rightLeg.foot</location>
			<rotation>10.0401411589999</rotation>
			<frame>9</frame>
		</part>
		<part>
			<location>body.leftLeg</location>
			<rotation>33.7700057911199</rotation>
			<frame>5</frame>
		</part>
	</frame>
	<frame>
		<part>
			<location>body.leftArm.hand</location>
			<rotation>0</rotation>
			<frame>1</frame>
		</part>
		<part>
			<location>body.leftArm</location>
			<rotation>21.8089385136411</rotation>
			<frame>1</frame>
		</part>
		<part>
			<location>body.rightArm</location>
			<rotation>-9.07796453387724</rotation>
			<frame>1</frame>
		</part>
		<part>
			<location>body.rightLeg</location>
			<rotation>-14.6602322545037</rotation>
			<frame>5</frame>
		</part>
		<part>
			<location>body.rightLeg.foot</location>
			<rotation>14.5849421596814</rotation>
			<frame>9</frame>
		</part>
		<part>
			<location>body.leftLeg</location>
			<rotation>36.7922611479023</rotation>
			<frame>5</frame>
		</part>
	</frame>
	<frame>
		<part>
			<location>body.rightLeg</location>
			<rotation>-24.8577837966747</rotation>
			<frame>5</frame>
		</part>
		<part>
			<location>body.leftLeg</location>
			<rotation>26.3716358957469</rotation>
			<frame>5</frame>
		</part>
		<part>
			<location>body.leftLeg.foot</location>
			<rotation>-28.4771501046719</rotation>
			<frame>9</frame>
		</part>
		<part>
			<location>body.rightLeg.foot</location>
			<rotation>25.3538387775064</rotation>
			<frame>9</frame>
		</part>
		<part>
			<location>body.rightArm</location>
			<rotation>-16.2664372693972</rotation>
			<frame>1</frame>
		</part>
		<part>
			<location>body.leftArm</location>
			<rotation>32.2635998083851</rotation>
			<frame>1</frame>
		</part>
		<part>
			<location>body.head</location>
			<rotation>-1.68127600520785</rotation>
			<frame>7</frame>
		</part>
	</frame>
	<frame>
		<part>
			<location>body.leftArm</location>
			<rotation>27.5820292220491</rotation>
			<frame>1</frame>
		</part>
		<part>
			<location>body.rightArm</location>
			<rotation>-14.9621552714599</rotation>
			<frame>1</frame>
		</part>
		<part>
			<location>body.rightLeg</location>
			<rotation>-21.1332893179685</rotation>
			<frame>5</frame>
		</part>
		<part>
			<location>body.leftLeg</location>
			<rotation>24.5280796240801</rotation>
			<frame>5</frame>
		</part>
		<part>
			<location>body.leftLeg.foot</location>
			<rotation>-23.0005541616663</rotation>
			<frame>9</frame>
		</part>
	</frame>
	<frame>
		<part>
			<location>body.leftArm</location>
			<rotation>21.6644764531377</rotation>
			<frame>1</frame>
		</part>
		<part>
			<location>body.rightArm</location>
			<rotation>-14.1910965663334</rotation>
			<frame>1</frame>
		</part>
		<part>
			<location>body.rightLeg</location>
			<rotation>-18.5975105837391</rotation>
			<frame>13</frame>
		</part>
		<part>
			<location>body.leftLeg</location>
			<rotation>20.4305555643942</rotation>
			<frame>5</frame>
		</part>
		<part>
			<location>body.leftLeg.foot</location>
			<rotation>-20.758424850175</rotation>
			<frame>9</frame>
		</part>
	</frame>
	<frame>
		<part>
			<location>body.leftArm</location>
			<rotation>19.7941651923132</rotation>
			<frame>1</frame>
		</part>
		<part>
			<location>body.rightArm</location>
			<rotation>-11.8471634387761</rotation>
			<frame>1</frame>
		</part>
		<part>
			<location>body.rightLeg</location>
			<rotation>-8.9787434028307</rotation>
			<frame>13</frame>
		</part>
		<part>
			<location>body.leftLeg</location>
			<rotation>16.8323261608091</rotation>
			<frame>5</frame>
		</part>
		<part>
			<location>body.leftLeg.foot</location>
			<rotation>-16.6563027938969</rotation>
			<frame>9</frame>
		</part>
	</frame>
	<frame>
		<part>
			<location>body.leftArm</location>
			<rotation>15.71347517802</rotation>
			<frame>1</frame>
		</part>
		<part>
			<location>body.rightArm</location>
			<rotation>-8.65953805844816</rotation>
			<frame>1</frame>
		</part>
		<part>
			<location>body.rightLeg</location>
			<rotation>-4.1668815908542</rotation>
			<frame>13</frame>
		</part>
		<part>
			<location>body.leftLeg</location>
			<rotation>14.2537963142818</rotation>
			<frame>5</frame>
		</part>
		<part>
			<location>body.leftLeg.foot</location>
			<rotation>-12.1683168300787</rotation>
			<frame>9</frame>
		</part>
	</frame>
	<frame>
		<part>
			<location>body.leftArm</location>
			<rotation>11.5726918882469</rotation>
			<frame>1</frame>
		</part>
		<part>
			<location>body.rightArm</location>
			<rotation>-6.75562216104355</rotation>
			<frame>1</frame>
		</part>
		<part>
			<location>body.rightLeg</location>
			<rotation>1.54352476216155</rotation>
			<frame>13</frame>
		</part>
		<part>
			<location>body.leftLeg</location>
			<rotation>9.95201781943217</rotation>
			<frame>5</frame>
		</part>
		<part>
			<location>body.leftLeg.foot</location>
			<rotation>-8.31544075763946</rotation>
			<frame>9</frame>
		</part>
	</frame>
	<frame>
		<part>
			<location>body.leftArm</location>
			<rotation>5.51542945890679</rotation>
			<frame>1</frame>
		</part>
		<part>
			<location>body.rightArm</location>
			<rotation>-2.87814962908283</rotation>
			<frame>1</frame>
		</part>
		<part>
			<location>body.rightLeg</location>
			<rotation>7.82775278094169</rotation>
			<frame>13</frame>
		</part>
		<part>
			<location>body.leftLeg</location>
			<rotation>6.84931255273796</rotation>
			<frame>5</frame>
		</part>
	</frame>
	<frame>
		<part>
			<location>body.leftArm</location>
			<rotation>-0.512965056630449</rotation>
			<frame>1</frame>
		</part>
		<part>
			<location>body.rightArm</location>
			<rotation>1.87984310721174</rotation>
			<frame>1</frame>
		</part>
		<part>
			<location>body.rightLeg</location>
			<rotation>13.2206002048687</rotation>
			<frame>13</frame>
		</part>
		<part>
			<location>body.leftLeg</location>
			<rotation>5.10359290151575</rotation>
			<frame>5</frame>
		</part>
		<part>
			<location>body.leftLeg.foot</location>
			<rotation>-3.24097193208468</rotation>
			<frame>9</frame>
		</part>
	</frame>
	<frame>
		<part>
			<location>body.leftArm</location>
			<rotation>-6.57611422960262</rotation>
			<frame>1</frame>
		</part>
		<part>
			<location>body.rightArm</location>
			<rotation>8.4180184393407</rotation>
			<frame>1</frame>
		</part>
		<part>
			<location>body.rightLeg</location>
			<rotation>19.7292479488</rotation>
			<frame>13</frame>
		</part>
		<part>
			<location>body.leftLeg</location>
			<rotation>2.73601920098849</rotation>
			<frame>5</frame>
		</part>
		<part>
			<location>body.leftLeg.foot</location>
			<rotation>-2.4349933364112</rotation>
			<frame>9</frame>
		</part>
		<part>
			<location>body.head</location>
			<rotation>-1.16041682250774</rotation>
			<frame>7</frame>
		</part>
	</frame>
	<frame>
		<part>
			<location>body.leftArm</location>
			<rotation>-9.33066855301753</rotation>
			<frame>1</frame>
		</part>
		<part>
			<location>body.rightArm</location>
			<rotation>14.1540954537935</rotation>
			<frame>1</frame>
		</part>
		<part>
			<location>body.rightLeg</location>
			<rotation>31.9352060632366</rotation>
			<frame>5</frame>
		</part>
		<part>
			<location>body.leftLeg</location>
			<rotation>-1.40862875556648</rotation>
			<frame>5</frame>
		</part>
		<part>
			<location>body.leftLeg.foot</location>
			<rotation>1.5700249111997</rotation>
			<frame>9</frame>
		</part>
	</frame>
	<frame>
		<part>
			<location>body.leftArm</location>
			<rotation>-12.1270910527108</rotation>
			<frame>1</frame>
		</part>
		<part>
			<location>body.rightArm</location>
			<rotation>22.2523734215454</rotation>
			<frame>1</frame>
		</part>
		<part>
			<location>body.rightLeg</location>
			<rotation>35.3413000244217</rotation>
			<frame>5</frame>
		</part>
		<part>
			<location>body.leftLeg</location>
			<rotation>-9.281464937259</rotation>
			<frame>5</frame>
		</part>
		<part>
			<location>body.leftLeg.foot</location>
			<rotation>11.497160793892</rotation>
			<frame>9</frame>
		</part>
	</frame>
	<frame>
		<part>
			<location>body.leftArm</location>
			<rotation>-13.9980463045968</rotation>
			<frame>1</frame>
		</part>
		<part>
			<location>body.rightArm</location>
			<rotation>32.2258157334746</rotation>
			<frame>1</frame>
		</part>
		<part>
			<location>body.rightLeg</location>
			<rotation>37.4089549464649</rotation>
			<frame>5</frame>
		</part>
		<part>
			<location>body.leftLeg</location>
			<rotation>-13.5082768434634</rotation>
			<frame>5</frame>
		</part>
		<part>
			<location>body.leftLeg.foot</location>
			<rotation>12.8107974406092</rotation>
			<frame>9</frame>
		</part>
	</frame>
</W_Walk>
