<Matoran_Array>
	<Matoran>
		<name>Talu</name>
		<colors>
			<body>black</body>
			<foot>orange</foot>
			<mask>akaku</mask>
			<maskColor>orange</maskColor>
			<metru>onu</metru>
			<rank>none</rank>
		</colors>
		<area>
			<room>ladderTop</room>
		</area>
		<conversation>conversationTalu</conversation>
		<time>all</time>
	</Matoran>
	<Matoran>
		<name>Nuparu</name>
		<colors>
			<body>black</body>
			<foot>slate</foot>
			<mask>pakari</mask>
			<maskColor>orange</maskColor>
			<metru>onu</metru>
			<rank>none</rank>
		</colors>
		<area>
			<room>cavernLeft</room>
			<room>cavernMiddle</room>
			<room>cavernRight</room>
		</area>
		<conversation>conversationNuparu</conversation>
		<time>all</time>
	</Matoran>
	<Matoran>
		<name>Marda</name>
		<colors>
			<body>black</body>
			<foot>black</foot>
			<mask>hau</mask>
			<maskColor>slate</maskColor>
			<metru>onu</metru>
			<rank>none</rank>
		</colors>
		<area>
			<room>cavernRight</room>
		</area>
		<conversation>conversationMarda</conversation>
		<time>all</time>
	</Matoran>
	<Matoran>
		<name>Vireta</name>
		<colors>
			<body>black</body>
			<foot>purple</foot>
			<mask>hau</mask>
			<maskColor>purple</maskColor>
			<metru>onu</metru>
			<rank>advisor</rank>
		</colors>
		<area>
			<room>director</room>
		</area>
		<conversation>conversationVireta</conversation>
		<time>all</time>
	</Matoran>
	<Matoran>
		<name>Quarat</name>
		<colors>
			<body>slate</body>
			<foot>purple</foot>
			<mask>rau</mask>
			<maskColor>black</maskColor>
			<metru>onu</metru>
			<rank>none</rank>
		</colors>
		<area>
			<room>cavernLeft</room>
			<room>cavernMiddle</room>
			<room>cavernRight</room>
		</area>
		<conversation>conversationQuarat</conversation>
		<time>all</time>
	</Matoran>
	<Matoran>
		<name>Uran</name>
		<colors>
			<body>purple</body>
			<foot>slate</foot>
			<mask>akaku</mask>
			<maskColor>slate</maskColor>
			<metru>onu</metru>
			<rank>silver</rank>
		</colors>
		<area>
			<room>cavernMiddle</room>
		</area>
		<conversation>conversationUran</conversation>
		<time>all</time>
	</Matoran>
</Matoran_Array>