<Vahki_Array>
	<Vahki>
		<name>Daniel</name>
		<type>Po</type>
		<area>
			<room>dMaze</room>
			<room>eMaze</room>
		</area>
		<time>work</time>
	</Vahki>
	<Vahki>
		<name>David</name>
		<type>Po</type>
		<area>
			<room>gMaze</room>
			<room>dMaze</room>
		</area>
		<time>work</time>
	</Vahki>
	<Vahki>
		<name>Donny</name>
		<type>Po</type>
		<area>
			<room>dMaze</room>
			<room>aMaze</room>
		</area>
		<time>work</time>
	</Vahki>
	<Vahki>
		<name>Ducette</name>
		<type>Po</type>
		<area>
			<room>fMaze</room>
			<room>cMaze</room>
		</area>
		<time>work</time>
	</Vahki>
	<Vahki>
		<name>Dudley</name>
		<type>Po</type>
		<area>
			<room>dMaze</room>
			<room>aMaze</room>
		</area>
		<time>night</time>
	</Vahki>
	<Vahki>
		<name>Dana</name>
		<type>Po</type>
		<area>
			<room>dMaze</room>
			<room>gMaze</room>
		</area>
		<time>night</time>
	</Vahki>
	<Vahki>
		<name>Dannie</name>
		<type>Po</type>
		<area>
			<room>eMaze</room>
		</area>
		<time>night</time>
	</Vahki>
</Vahki_Array>