<Matoran_Array>
	<Matoran>
		<name>Komou</name>
		<colors>
			<body>black</body>
			<foot>tan</foot>
			<mask>komau</mask>
			<maskColor>slate</maskColor>
			<metru>po</metru>
			<rank>none</rank>
		</colors>
		<area>
			<room>townWest</room>
			<room>townEast</room>
		</area>
		<conversation>conversationKomou</conversation>
		<time>work</time>
	</Matoran>
	<Matoran>
		<name>Kaikou</name>
		<colors>
			<body>tan</body>
			<foot>brown</foot>
			<mask>matatu</mask>
			<maskColor>slate</maskColor>
			<metru>po</metru>
			<rank>none</rank>
		</colors>
		<area>
			<room>townWest</room>
			<room>townEast</room>
			<room>chute</room>
		</area>
		<conversation>conversationKaikou</conversation>
		<time>work</time>
	</Matoran>
	<Matoran>
		<name>Pahi</name>
		<colors>
			<body>brown</body>
			<foot>brown</foot>
			<mask>hau</mask>
			<maskColor>brown</maskColor>
			<metru>po</metru>
			<rank>none</rank>
		</colors>
		<area>
			<room>townWest</room>
			<room>townEast</room>
		</area>
		<conversation>conversationPahi</conversation>
		<time>work</time>
	</Matoran>
	<Matoran>
		<name>Valu</name>
		<colors>
			<body>slate</body>
			<foot>tan</foot>
			<mask>kakama</mask>
			<maskColor>tan</maskColor>
			<metru>po</metru>
			<rank>bronze</rank>
		</colors>
		<area>
			<room>townEast</room>
		</area>
		<conversation>conversationValu</conversation>
		<time>work</time>
	</Matoran>
	<Matoran>
		<name>Vohri</name>
		<colors>
			<body>brown</body>
			<foot>slate</foot>
			<mask>rau</mask>
			<maskColor>brown</maskColor>
			<metru>po</metru>
			<rank>none</rank>
		</colors>
		<area>
			<room>townEast</room>
		</area>
		<conversation>conversationVorhi</conversation>
		<time>work</time>
	</Matoran>
	<Matoran>
		<name>Arka</name>
		<colors>
			<body>black</body>
			<foot>tan</foot>
			<mask>hau</mask>
			<maskColor>tan</maskColor>
			<metru>po</metru>
			<rank>none</rank>
		</colors>
		<area>
			<room>pit</room>
		</area>
		<conversation>conversationArka</conversation>
		<time>all</time>
	</Matoran>
	<Matoran>
		<name>Jalk</name>
		<colors>
			<body>slate</body>
			<foot>brown</foot>
			<mask>huna</mask>
			<maskColor>brown</maskColor>
			<metru>po</metru>
			<rank>bronze</rank>
		</colors>
		<area>
			<room>townWest</room>
			<room>townEast</room>
		</area>
		<conversation>conversationJalk</conversation>
		<time>night</time>
	</Matoran>
	<Matoran>
		<name>Taika</name>
		<colors>
			<body>slate</body>
			<foot>black</foot>
			<mask>kaukau</mask>
			<maskColor>tan</maskColor>
			<metru>po</metru>
			<rank>none</rank>
		</colors>
		<area>
			<room>pit</room>
		</area>
		<conversation>conversationTaika</conversation>
		<time>all</time>
	</Matoran>
	<Matoran>
		<name>Balvi</name>
		<colors>
			<body>red</body>
			<foot>brown</foot>
			<mask>ruru</mask>
			<maskColor>tan</maskColor>
			<metru>po</metru>
			<rank>none</rank>
		</colors>
		<area>
			<room>pit</room>
		</area>
		<conversation>conversationBalvi</conversation>
		<time>all</time>
	</Matoran>
	<Matoran>
		<name>Iguala</name>
		<colors>
			<body>brown</body>
			<foot>brown</foot>
			<mask>ruru</mask>
			<maskColor>brown</maskColor>
			<metru>po</metru>
			<rank>none</rank>
		</colors>
		<area>
			<room>bar</room>
		</area>
		<conversation>conversationIguala</conversation>
		<time>all</time>
	</Matoran>
	<Matoran>
		<name>Xanda</name>
		<colors>
			<body>tan</body>
			<foot>brown</foot>
			<mask>huna</mask>
			<maskColor>brown</maskColor>
			<metru>po</metru>
			<rank>black</rank>
		</colors>
		<area>
			<room>akiliniHut</room>
		</area>
		<conversation>conversationXanda</conversation>
		<time>all</time>
	</Matoran>
	<Matoran>
		<name>Erda</name>
		<colors>
			<body>slate</body>
			<foot>tan</foot>
			<mask>hau</mask>
			<maskColor>brown</maskColor>
			<metru>po</metru>
			<rank>black</rank>
		</colors>
		<area>
			<room>canyonPath</room>
		</area>
		<conversation>conversationErda</conversation>
		<time>work</time>
	</Matoran>
</Matoran_Array>