<Matoran_Array>
	<Matoran>
		<name>Danja</name>
		<colors>
			<body>black</body>
			<foot>red</foot>
			<mask>miru</mask>
			<maskColor>black</maskColor>
			<metru>ta</metru>
			<rank>silver</rank>
		</colors>
		<area>
			<room>prison</room>
		</area>
		<conversation>conversationDanja</conversation>
		<time>all</time>
	</Matoran>
	<Matoran>
		<name>Takva</name>
		<colors>
			<body>brown</body>
			<foot>black</foot>
			<mask>kakama</mask>
			<maskColor>black</maskColor>
			<metru>po</metru>
			<rank>black</rank>
		</colors>
		<area>
			<room>room3</room>
		</area>
		<conversation>conversationTakva</conversation>
		<time>all</time>
	</Matoran>
	<Matoran>
		<name>Vakar</name>
		<colors>
			<body>red</body>
			<foot>black</foot>
			<mask>mahiki</mask>
			<maskColor>orange</maskColor>
			<metru>ta</metru>
			<rank>none</rank>
		</colors>
		<area>
			<room>gate</room>
		</area>
		<conversation>conversationVakar</conversation>
		<time>all</time>
	</Matoran>
	<Matoran>
		<name>Viruk</name>
		<colors>
			<body>green</body>
			<foot>lime</foot>
			<mask>mahiki</mask>
			<maskColor>aqua</maskColor>
			<metru>ta</metru>
			<rank>bronze</rank>
		</colors>
		<area>
			<room>rotundaEast</room>
			<room>rotundaWest</room>
		</area>
		<conversation>conversationViruk</conversation>
		<time>all</time>
	</Matoran>
	<Matoran>
		<name>Poka</name>
		<colors>
			<body>black</body>
			<foot>slate</foot>
			<mask>kakama</mask>
			<maskColor>slate</maskColor>
			<metru>onu</metru>
			<rank>bronze</rank>
		</colors>
		<area>
			<room>balcony</room>
		</area>
		<conversation>conversationPoka</conversation>
		<time>all</time>
	</Matoran>
	<Matoran>
		<name>Hakk</name>
		<colors>
			<body>green</body>
			<foot>lime</foot>
			<mask>akaku</mask>
			<maskColor>forest</maskColor>
			<metru>le</metru>
			<rank>silver</rank>
		</colors>
		<area>
			<room>club</room>
		</area>
		<conversation>conversationHakk</conversation>
		<time>all</time>
	</Matoran>
	<Matoran>
		<name>Wanda</name>
		<colors>
			<body>blue</body>
			<foot>aqua</foot>
			<mask>kakama</mask>
			<maskColor>aqua</maskColor>
			<metru>ga</metru>
			<rank>silver</rank>
		</colors>
		<area>
			<room>club</room>
		</area>
		<conversation>conversationWanda</conversation>
		<time>night</time>
	</Matoran>
	<Matoran>
		<name>Anaju</name>
		<colors>
			<body>brown</body>
			<foot>slate</foot>
			<mask>huna</mask>
			<maskColor>brown</maskColor>
			<metru>po</metru>
			<rank>bronze</rank>
		</colors>
		<area>
			<room>club</room>
		</area>
		<conversation>conversationAnaju</conversation>
		<time>night</time>
	</Matoran>
	<Matoran>
		<name>Selibrus</name>
		<colors>
			<body>white</body>
			<foot>slate</foot>
			<mask>akaku</mask>
			<maskColor>white</maskColor>
			<metru>ko</metru>
			<rank>gold</rank>
		</colors>
		<area>
			<room>club</room>
		</area>
		<conversation>conversationSelibrus</conversation>
		<time>night</time>
	</Matoran>
	<Matoran>
		<name>Arkana</name>
		<colors>
			<body>brown</body>
			<foot>brown</foot>
			<mask>hau</mask>
			<maskColor>black</maskColor>
			<metru>po</metru>
			<rank>gold</rank>
		</colors>
		<area>
			<room>club</room>
		</area>
		<conversation>conversationArkana</conversation>
		<time>night</time>
	</Matoran>
	<Matoran>
		<name>Zanda</name>
		<colors>
			<body>green</body>
			<foot>forest</foot>
			<mask>rau</mask>
			<maskColor>forest</maskColor>
			<metru>le</metru>
			<rank>silver</rank>
		</colors>
		<area>
			<room>club</room>
		</area>
		<conversation>conversationZanda</conversation>
		<time>night</time>
	</Matoran>
	<Matoran>
		<name>Ardan</name>
		<colors>
			<body>black</body>
			<foot>black</foot>
			<mask>hau</mask>
			<maskColor>black</maskColor>
			<metru>onu</metru>
			<rank>bronze</rank>
		</colors>
		<area>
			<room>clubEntrance</room>
		</area>
		<conversation>conversationArdan</conversation>
		<time>night</time>
	</Matoran>
	<Matoran>
		<name>Epiphu</name>
		<colors>
			<body>slate</body>
			<foot>black</foot>
			<mask>huna</mask>
			<maskColor>slate</maskColor>
			<metru>onu</metru>
			<rank>silver</rank>
		</colors>
		<area>
			<room>rotundaWest</room>
			<room>rotundaEast</room>
		</area>
		<conversation>null</conversation>
		<time>all</time>
	</Matoran>
	<Matoran>
		<name>Andanka</name>
		<colors>
			<body>green</body>
			<foot>lime</foot>
			<mask>rau</mask>
			<maskColor>green</maskColor>
			<metru>le</metru>
			<rank>bronze</rank>
		</colors>
		<area>
			<room>rotundaWest</room>
			<room>rotundaEast</room>
		</area>
		<conversation>null</conversation>
		<time>all</time>
	</Matoran>
	<Matoran>
		<name>Dashau</name>
		<colors>
			<body>red</body>
			<foot>orange</foot>
			<mask>mahiki</mask>
			<maskColor>red</maskColor>
			<metru>ta</metru>
			<rank>silver</rank>
		</colors>
		<area>
			<room>rotundaWest</room>
			<room>rotundaEast</room>
		</area>
		<conversation>null</conversation>
		<time>all</time>
	</Matoran>
	<Matoran>
		<name>Kana</name>
		<colors>
			<body>orange</body>
			<foot>red</foot>
			<mask>hau</mask>
			<maskColor>orange</maskColor>
			<metru>ta</metru>
			<rank>silver</rank>
		</colors>
		<area>
			<room>room2</room>
		</area>
		<conversation>conversationKana</conversation>
		<time>all</time>
	</Matoran>
</Matoran_Array>