<Matoran_Array>
	<Matoran>
		<name>Zalif</name>
		<colors>
			<body>red</body>
			<foot>black</foot>
		</colors>
		<area>
			<room>hut1</room>
			<room>westTown</room>
		</area>
		<conversation>conversationZalif</conversation>
		<time>all</time>
	</Matoran>
	<Matoran>
		<name>Alicia</name>
		<colors>
			<body>white</body>
			<foot>white</foot>
		</colors>
		<area>
			<room>hut2</room>
		</area>
		<conversation>null</conversation>
		<time>all</time>
	</Matoran>
	<Matoran>
		<name>Brendan</name>
		<colors>
			<body>brown</body>
			<foot>white</foot>
		</colors>
		<area>
			<room>eastTown</room>
			<room>hut3</room>
		</area>
		<conversation>conversationBrendan</conversation>\
		<time>day</time>
	</Matoran>
</Matoran_Array>