<Matoran_Array>
	<Matoran>
		<name>Akan</name>
		<colors>
			<body>black</body>
			<foot>red</foot>
			<mask>kakama</mask>
			<maskColor>black</maskColor>
			<metru>ta</metru>
			<rank>none</rank>
		</colors>
		<area>
			<room>chute</room>
		</area>
		<conversation>conversationAkan</conversation>
		<time>night</time>
	</Matoran>
	<Matoran>
		<name>Bomen</name>
		<colors>
			<body>orange</body>
			<foot>red</foot>
			<mask>huna</mask>
			<maskColor>yellow</maskColor>
			<metru>ta</metru>
			<rank>silver</rank>
		</colors>
		<area>
			<room>foreman</room>
		</area>
		<conversation>conversationBomen</conversation>
		<time>all</time>
	</Matoran>
	<Matoran>
		<name>Bran</name>
		<colors>
			<body>black</body>
			<foot>orange</foot>
			<mask>hau</mask>
			<maskColor>yellow</maskColor>
			<metru>ta</metru>
			<rank>none</rank>
		</colors>
		<area>
			<room>warehouse1</room>
		</area>
		<conversation>conversationBran</conversation>
		<time>all</time>
	</Matoran>
	<Matoran>
		<name>Makan</name>
		<colors>
			<body>orange</body>
			<foot>black</foot>
			<mask>huna</mask>
			<maskColor>red</maskColor>
			<metru>ta</metru>
			<rank>none</rank>
		</colors>
		<area>
			<room>warehouse2</room>
		</area>
		<conversation>conversationMakan</conversation>
		<time>work</time>
	</Matoran>
	<Matoran>
		<name>Lumo</name>
		<colors>
			<body>slate</body>
			<foot>red</foot>
			<mask>miru</mask>
			<maskColor>red</maskColor>
			<metru>ta</metru>
			<rank>none</rank>
		</colors>
		<area>
			<room>warehouse2</room>
		</area>
		<conversation>conversationLumo</conversation>
		<time>work</time>
	</Matoran>
	<Matoran>
		<name>Boreta</name>
		<colors>
			<body>red</body>
			<foot>red</foot>
			<mask>hau</mask>
			<maskColor>orange</maskColor>
			<metru>ta</metru>
			<rank>none</rank>
		</colors>
		<area>
			<room>warehouse2</room>
		</area>
		<conversation>conversationBoreta</conversation>
		<time>all</time>
	</Matoran>
	<Matoran>
		<name>Edotar</name>
		<colors>
			<body>orange</body>
			<foot>red</foot>
			<mask>akaku</mask>
			<maskColor>red</maskColor>
			<metru>ta</metru>
			<rank>none</rank>
		</colors>
		<area>
			<room>door</room>
		</area>
		<conversation>conversationEdotar</conversation>
		<time>evening</time>
	</Matoran>
	<Matoran>
		<name>Tamek</name>
		<colors>
			<body>orange</body>
			<foot>red</foot>
			<mask>akaku</mask>
			<maskColor>red</maskColor>
			<metru>ta</metru>
			<rank>none</rank>
		</colors>
		<area>
			<room>warehouse1</room>
		</area>
		<conversation>conversationTamek</conversation>
		<time>all</time>
	</Matoran>
	<Matoran>
		<name>Nuirik</name>
		<colors>
			<body>red</body>
			<foot>black</foot>
			<mask>hau</mask>
			<maskColor>black</maskColor>
			<metru>ta</metru>
			<rank>none</rank>
		</colors>
		<area>
			<room>secretRoom</room>
		</area>
		<conversation>conversationNuirik</conversation>
		<time>all</time>
	</Matoran>
</Matoran_Array>