<Matoran_Array>
	<Matoran>
		<name>Peliki</name>
		<colors>
			<body>blue</body>
			<foot>sky</foot>
			<mask>kakama</mask>
			<maskColor>sky</maskColor>
			<metru>ga</metru>
			<rank>silver</rank>
		</colors>
		<area>
			<room>leftRoom</room>
		</area>
		<conversation>conversationPeliki</conversation>
		<time>all</time>
	</Matoran>
	<Matoran>
		<name>Angela</name>
		<colors>
			<body>sky</body>
			<foot>blue</foot>
			<mask>kaukau</mask>
			<maskColor>blue</maskColor>
			<metru>ga</metru>
			<rank>advisor</rank>
		</colors>
		<area>
			<room>rightRoom</room>
		</area>
		<conversation>conversationAngela</conversation>
		<time>all</time>
	</Matoran>
	<Matoran>
		<name>Dekasa</name>
		<colors>
			<body>aqua</body>
			<foot>blue</foot>
			<mask>huna</mask>
			<maskColor>aqua</maskColor>
			<metru>ga</metru>
			<rank>gold</rank>
		</colors>
		<area>
			<room>rightRoom</room>
		</area>
		<conversation>conversationDekasa</conversation>
		<time>all</time>
	</Matoran>
	<Matoran>
		<name>Akasa</name>
		<colors>
			<body>sky</body>
			<foot>aqua</foot>
			<mask>pakari</mask>
			<maskColor>aqua</maskColor>
			<metru>ga</metru>
			<rank>gold</rank>
		</colors>
		<area>
			<room>rightRoom</room>
		</area>
		<conversation>conversationAkasa</conversation>
		<time>all</time>
	</Matoran>
</Matoran_Array>