<Vahki_Array>
	<Vahki>
		<name>Tut</name>
		<type>Ta</type>
		<area>
			<room>upperFarLeft</room>
			<room>upperLeft</room>
			<room>lobby</room>
		</area>
		<time>all</time>
	</Vahki>
	<Vahki>
		<name>AmunRa</name>
		<type>Ta</type>
		<area>
			<room>lobby</room>
			<room>upperRight</room>
			<room>upperFarRight</room>
		</area>
		<time>all</time>
	</Vahki>
	<Vahki>
		<name>Thoth</name>
		<type>Ta</type>
		<area>
			<room>lowerLeft</room>
			<room>foreman</room>
			<room>lowerRight</room>
		</area>
		<time>all</time>
	</Vahki>
	<Vahki>
		<name>Set</name>
		<type>Ta</type>
		<area>
			<room>chute</room>
		</area>
		<time>all</time>
	</Vahki>
</Vahki_Array>