<Matoran_Array>
	<Matoran>
		<name>Dostru</name>
		<colors>
			<body>black</body>
			<foot>red</foot>
			<mask>komau</mask>
			<maskColor>red</maskColor>
			<metru>ta</metru>
			<rank>bronze</rank>
		</colors>
		<area>
			<room>foreman</room>
		</area>
		<conversation>conversationDostru</conversation>
		<time>all</time>
	</Matoran>
	<Matoran>
		<name>Griff</name>
		<colors>
			<body>red</body>
			<foot>red</foot>
			<mask>matatu</mask>
			<maskColor>red</maskColor>
			<metru>ta</metru>
			<rank>none</rank>
		</colors>
		<area>
			<room>lowerLeft</room>
		</area>
		<conversation>conversationGriff</conversation>
		<time>all</time>
	</Matoran>
	<Matoran>
		<name>Rahli</name>
		<colors>
			<body>orange</body>
			<foot>red</foot>
			<mask>hau</mask>
			<maskColor>orange</maskColor>
			<metru>ta</metru>
			<rank>none</rank>
		</colors>
		<area>
			<room>upperLeft</room>
		</area>
		<conversation>conversationRahli</conversation>
		<time>all</time>
	</Matoran>
	<Matoran>
		<name>Pahri</name>
		<colors>
			<body>yellow</body>
			<foot>yellow</foot>
			<mask>akaku</mask>
			<maskColor>orange</maskColor>
			<metru>ta</metru>
			<rank>none</rank>
		</colors>
		<area>
			<room>upperFarLeft</room>
		</area>
		<conversation>conversationPahri</conversation>
		<time>all</time>
	</Matoran>
	<Matoran>
		<name>Tura</name>
		<colors>
			<body>red</body>
			<foot>yellow</foot>
			<mask>rau</mask>
			<maskColor>red</maskColor>
			<metru>ta</metru>
			<rank>none</rank>
		</colors>
		<area>
			<room>upperRight</room>
		</area>
		<conversation>conversationTura</conversation>
		<time>all</time>
	</Matoran>
	<Matoran>
		<name>Dalvi</name>
		<colors>
			<body>orange</body>
			<foot>yellow</foot>
			<mask>hau</mask>
			<maskColor>orange</maskColor>
			<metru>ta</metru>
			<rank>none</rank>
		</colors>
		<area>
			<room>lowerRight</room>
		</area>
		<conversation>conversationDalvi</conversation>
		<time>all</time>
	</Matoran>
	<Matoran>
		<name>Erdan</name>
		<colors>
			<body>red</body>
			<foot>orange</foot>
			<mask>kaukau</mask>
			<maskColor>orange</maskColor>
			<metru>ta</metru>
			<rank>none</rank>
		</colors>
		<area>
			<room>foreman</room>
		</area>
		<conversation>conversationErdan</conversation>
		<time>work</time>
	</Matoran>
</Matoran_Array>