<Matoran_Array>
	<Matoran>
		<name>Bondonga</name>
		<colors>
			<body>white</body>
			<foot>black</foot>
			<mask>akaku</mask>
			<maskColor>black</maskColor>
			<metru>ko</metru>
			<rank>none</rank>
		</colors>
		<area>
			<room>plaza</room>
		</area>
		<conversation>conversationBondonga</conversation>
		<time>all</time>
	</Matoran>
	<Matoran>
		<name>Maru</name>
		<colors>
			<body>blue</body>
			<foot>white</foot>
			<mask>miru</mask>
			<maskColor>white</maskColor>
			<metru>ko</metru>
			<rank>bronze</rank>
		</colors>
		<area>
			<room>plaza</room>
		</area>
		<conversation>conversationMaru</conversation>
		<time>all</time>
	</Matoran>
	<Matoran>
		<name>Kusa</name>
		<colors>
			<body>white</body>
			<foot>white</foot>
			<mask>miru</mask>
			<maskColor>blue</maskColor>
			<metru>ko</metru>
			<rank>bronze</rank>
		</colors>
		<area>
			<room>room2a</room>
		</area>
		<conversation>conversationKusa</conversation>
		<time>all</time>
	</Matoran>
	<Matoran>
		<name>Janka</name>
		<colors>
			<body>white</body>
			<foot>slate</foot>
			<mask>akaku</mask>
			<maskColor>slate</maskColor>
			<metru>ko</metru>
			<rank>bronze</rank>
		</colors>
		<area>
			<room>room2a</room>
		</area>
		<conversation>conversationJanka</conversation>
		<time>all</time>
	</Matoran>
	<Matoran>
		<name>Hando</name>
		<colors>
			<body>slate</body>
			<foot>white</foot>
			<mask>rau</mask>
			<maskColor>slate</maskColor>
			<metru>ko</metru>
			<rank>silver</rank>
		</colors>
		<area>
			<room>room3a</room>
		</area>
		<conversation>conversationHando</conversation>
		<time>all</time>
	</Matoran>
	<Matoran>
		<name>Xanada</name>
		<colors>
			<body>white</body>
			<foot>white</foot>
			<mask>huna</mask>
			<maskColor>slate</maskColor>
			<metru>ko</metru>
			<rank>gold</rank>
		</colors>
		<area>
			<room>room4a</room>
		</area>
		<conversation>conversationXanada</conversation>
		<time>all</time>
	</Matoran>
	<Matoran>
		<name>Taral</name>
		<colors>
			<body>wite</body>
			<foot>white</foot>
			<mask>ruru</mask>
			<maskColor>white</maskColor>
			<metru>ko</metru>
			<rank>gold</rank>
		</colors>
		<area>
			<room>room4a</room>
		</area>
		<conversation>conversationTaral</conversation>
		<time>all</time>
	</Matoran>
	<Matoran>
		<name>Alicia</name>
		<colors>
			<body>sky</body>
			<foot>blue</foot>
			<mask>komau</mask>
			<maskColor>blue</maskColor>
			<metru>ga</metru>
			<rank>silver</rank>
		</colors>
		<area>
			<room>room4b</room>
		</area>
		<conversation>conversationAlicia</conversation>
		<time>all</time>
	</Matoran>
</Matoran_Array>