<Matoran_Array>
	<Matoran>
		<name>Calmor</name>
		<colors>
			<body>green</body>
			<foot>forest</foot>
			<mask>komau</mask>
			<maskColor>forest</maskColor>
			<metru>le</metru>
			<rank>none</rank>
		</colors>
		<area>
			<room>padB</room>
			<room>notch</room>
		</area>
		<conversation>conversationCalmor</conversation>
		<time>all</time>
	</Matoran>
	<Matoran>
		<name>Amau</name>
		<colors>
			<body>green</body>
			<foot>lime</foot>
			<mask>akaku</mask>
			<maskColor>green</maskColor>
			<metru>le</metru>
			<rank>silver</rank>
		</colors>
		<area>
			<room>chute</room>
		</area>
		<conversation>conversationAmau</conversation>
		<time>all</time>
	</Matoran>
	<Matoran>
		<name>Onui</name>
		<colors>
			<body>brown</body>
			<foot>tan</foot>
			<mask>huna</mask>
			<maskColor>brown</maskColor>
			<metru>po</metru>
			<rank>none</rank>
		</colors>
		<area>
			<room>chute</room>
			<room>hallway</room>
			<room>observatory</room>
		</area>
		<conversation>conversationOnui</conversation>
		<time>all</time>
	</Matoran>
	<Matoran>
		<name>Zaduk</name>
		<colors>
			<body>red</body>
			<foot>yellow</foot>
			<mask>hau</mask>
			<maskColor>yellow</maskColor>
			<metru>ta</metru>
			<rank>none</rank>
		</colors>
		<area>
			<room>chute</room>
			<room>hallway</room>
			<room>observatory</room>
		</area>
		<conversation>conversationZaduk</conversation>
		<time>all</time>
	</Matoran>
	<Matoran>
		<name>Bohi</name>
		<colors>
			<body>orange</body>
			<foot>red</foot>
			<mask>kakama</mask>
			<maskColor>red</maskColor>
			<metru>ta</metru>
			<rank>none</rank>
		</colors>
		<area>
			<room>leftWing</room>
			<room>center</room>
		</area>
		<conversation>conversationBohi</conversation>
		<time>all</time>
	</Matoran>
	<Matoran>
		<name>Akar</name>
		<colors>
			<body>forest</body>
			<foot>aqua</foot>
			<mask>mahiki</mask>
			<maskColor>aqua</maskColor>
			<metru>le</metru>
			<rank>none</rank>
		</colors>
		<area>
			<room>rightWing</room>
			<room>center</room>
		</area>
		<conversation>conversationAkar</conversation>
		<time>all</time>
	</Matoran>
	<Matoran>
		<name>Kama</name>
		<colors>
			<body>aqua</body>
			<foot>green</foot>
			<mask>huna</mask>
			<maskColor>aqua</maskColor>
			<metru>le</metru>
			<rank>none</rank>
		</colors>
		<area>
			<room>rightWing</room>
			<room>center</room>
			<room>leftWing</room>
		</area>
		<conversation>conversationKama</conversation>
		<time>all</time>
	</Matoran>
	<Matoran>
		<name>Koth</name>
		<colors>
			<body>forest</body>
			<foot>green</foot>
			<mask>rau</mask>
			<maskColor>aqua</maskColor>
			<metru>le</metru>
			<rank>silver</rank>
		</colors>
		<area>
			<room>padC</room>
		</area>
		<conversation>conversationKoth</conversation>
		<time>all</time>
	</Matoran>
	<Matoran>
		<name>Dalta</name>
		<colors>
			<body>green</body>
			<foot>lime</foot>
			<mask>akaku</mask>
			<maskColor>lime</maskColor>
			<metru>le</metru>
			<rank>bronze</rank>
		</colors>
		<area>
			<room>padC</room>
		</area>
		<conversation>conversationDalta</conversation>
		<time>all</time>
	</Matoran>
	<Matoran>
		<name>Brani</name>
		<colors>
			<body>brown</body>
			<foot>tan</foot>
			<mask>rau</mask>
			<maskColor>tan</maskColor>
			<metru>po</metru>
			<rank>none</rank>
		</colors>
		<area>
			<room>hallway</room>
			<room>observatory</room>
		</area>
		<conversation>conversationBrani</conversation>
		<time>all</time>
	</Matoran>
	<Matoran>
		<name>Orkani</name>
		<colors>
			<body>forest</body>
			<foot>lime</foot>
			<mask>kaukau</mask>
			<maskColor>forest</maskColor>
			<metru>le</metru>
			<rank>none</rank>
		</colors>
		<area>
			<room>center</room>
			<room>leftWing</room>
		</area>
		<conversation>conversationOrkani</conversation>
		<time>all</time>
	</Matoran>
	<Matoran>
		<name>Shan</name>
		<colors>
			<body>green</body>
			<foot>green</foot>
			<mask>mahiki</mask>
			<maskColor>lime</maskColor>
			<metru>le</metru>
			<rank>none</rank>
		</colors>
		<area>
			<room>leftWing</room>
		</area>
		<conversation>conversationShan</conversation>
		<time>all</time>
	</Matoran>
	<Matoran>
		<name>Aroda</name>
		<colors>
			<body>green</body>
			<foot>lime</foot>
			<mask>hau</mask>
			<maskColor>lime</maskColor>
			<metru>le</metru>
			<rank>gold</rank>
		</colors>
		<area>
			<room>tower</room>
		</area>
		<conversation>conversationAroda</conversation>
		<time>all</time>
	</Matoran>
	<Matoran>
		<name>Harana</name>
		<colors>
			<body>forest</body>
			<foot>lime</foot>
			<mask>akaku</mask>
			<maskColor>green</maskColor>
			<metru>le</metru>
			<rank>gold</rank>
		</colors>
		<area>
			<room>tower</room>
		</area>
		<conversation>conversationHarana</conversation>
		<time>all</time>
	</Matoran>
</Matoran_Array>