<Matoran_Array>
	<Matoran>
		<name>Matua</name>
		<colors>
			<body>blue</body>
			<foot>aqua</foot>
			<mask>rau</mask>
			<maskColor>aqua</maskColor>
			<metru>ga</metru>
			<rank>none</rank>
		</colors>
		<area>
			<room>leftBuilding</room>
		</area>
		<conversation>conversationMatua</conversation>
		<time>all</time>
	</Matoran>
	<Matoran>
		<name>Kaiki</name>
		<colors>
			<body>aqua</body>
			<foot>aqua</foot>
			<mask>huna</mask>
			<maskColor>blue</maskColor>
			<metru>ga</metru>
			<rank>none</rank>
		</colors>
		<area>
			<room>rightBuilding</room>
		</area>
		<conversation>conversationKaiki</conversation>
		<time>all</time>
	</Matoran>
	<Matoran>
		<name>Garu</name>
		<colors>
			<body>sky</body>
			<foot>blue</foot>
			<mask>hau</mask>
			<maskColor>sky</maskColor>
			<metru>ga</metru>
			<rank>none</rank>
		</colors>
		<area>
			<room>rightBuilding</room>
		</area>
		<conversation>conversationGaru</conversation>
		<time>all</time>
	</Matoran>
	<Matoran>
		<name>Sana</name>
		<colors>
			<body>aqua</body>
			<foot>sky</foot>
			<mask>akaku</mask>
			<maskColor>sky</maskColor>
			<metru>ga</metru>
			<rank>bronze</rank>
		</colors>
		<area>
			<room>rightBuilding</room>
		</area>
		<conversation>conversationSana</conversation>
		<time>all</time>
	</Matoran>
	<Matoran>
		<name>Tana</name>
		<colors>
			<body>blue</body>
			<foot>sky</foot>
			<mask>ruru</mask>
			<maskColor>blue</maskColor>
			<metru>ga</metru>
			<rank>none</rank>
		</colors>
		<area>
			<room>leftBuilding</room>
		</area>
		<conversation>conversationTana</conversation>
		<time>all</time>
	</Matoran>
	<Matoran>
		<name>Pira</name>
		<colors>
			<body>aqua</body>
			<foot>blue</foot>
			<mask>rau</mask>
			<maskColor>blue</maskColor>
			<metru>ga</metru>
			<rank>none</rank>
		</colors>
		<area>
			<room>leftBuilding</room>
		</area>
		<conversation>conversationPira</conversation>
		<time>all</time>
	</Matoran>
	<Matoran>
		<name>Talta</name>
		<colors>
			<body>sky</body>
			<foot>sky</foot>
			<mask>rau</mask>
			<maskColor>aqua</maskColor>
			<metru>ga</metru>
			<rank>silver</rank>
		</colors>
		<area>
			<room>mainBuilding</room>
		</area>
		<conversation>conversationTalta</conversation>
		<time>all</time>
	</Matoran>
</Matoran_Array>