<Matoran_Array>
	<Matoran>
		<name>Deke</name>
		<colors>
			<body>black</body>
			<foot>brown</foot>
			<mask>akaku</mask>
			<maskColor>brown</maskColor>
			<metru>po</metru>
			<rank>none</rank>
		</colors>
		<area>
			<room>promenade</room>
		</area>
		<conversation>conversationDeke</conversation>
		<time>all</time>
	</Matoran>
	<Matoran>
		<name>Nuha</name>
		<colors>
			<body>brown</body>
			<foot>brown</foot>
			<mask>hau</mask>
			<maskColor>brown</maskColor>
			<metru>po</metru>
			<rank>none</rank>
		</colors>
		<area>
			<room>promenade</room>
		</area>
		<conversation>null</conversation>
		<time>all</time>
	</Matoran>
	<Matoran>
		<name>Jeran</name>
		<colors>
			<body>brown</body>
			<foot>tan</foot>
			<mask>rau</mask>
			<maskColor>orange</maskColor>
			<metru>po</metru>
			<rank>silver</rank>
		</colors>
		<area>
			<room>foreman</room>
		</area>
		<conversation>conversationJeran</conversation>
		<time>all</time>
	</Matoran>
	<Matoran>
		<name>Kamek</name>
		<colors>
			<body>black</body>
			<foot>brown</foot>
			<mask>komau</mask>
			<maskColor>brown</maskColor>
			<metru>onu</metru>
			<rank>none</rank>
		</colors>
		<area>
			<room>quarry</room>
		</area>
		<conversation>conversationKamek</conversation>
		<time>all</time>
	</Matoran>
	<Matoran>
		<name>Kani</name>
		<colors>
			<body>tan</body>
			<foot>brown</foot>
			<mask>ruru</mask>
			<maskColor>tan</maskColor>
			<metru>onu</metru>
			<rank>none</rank>
		</colors>
		<area>
			<room>gate</room>
		</area>
		<conversation>conversationKani</conversation>
		<time>all</time>
	</Matoran>
	<Matoran>
		<name>Kokko</name>
		<colors>
			<body>slate</body>
			<foot>brown</foot>
			<mask>hau</mask>
			<maskColor>brown</maskColor>
			<metru>onu</metru>
			<rank>none</rank>
		</colors>
		<area>
			<room>level1</room>
		</area>
		<conversation>conversationKokko</conversation>
		<time>work</time>
	</Matoran>
	<Matoran>
		<name>Suli</name>
		<colors>
			<body>tan</body>
			<foot>brown</foot>
			<mask>kakama</mask>
			<maskColor>brown</maskColor>
			<metru>onu</metru>
			<rank>none</rank>
		</colors>
		<area>
			<room></room>
		</area>
		<conversation>conversationSuli</conversation>
		<time>work</time>
	</Matoran>
	<Matoran>
		<name>Faran</name>
		<colors>
			<body>slate</body>
			<foot>brown</foot>
			<mask>akaku</mask>
			<maskColor>tan</maskColor>
			<metru>po</metru>
			<rank>bronze</rank>
		</colors>
		<area>
			<room>foreman</room>
		</area>
		<conversation>conversationFaran</conversation>
		<time>work</time>
	</Matoran>
</Matoran_Array>